<?xml version="1.0" encoding="utf-8"?>
<merger version="3"><dataSet config="output"><source path="/Users/14leec1/.android/build-cache/39d9253d786a0fc0377e92056528d818db49979d/output/assets"/></dataSet><dataSet config="output"><source path="/Users/14leec1/.android/build-cache/cf84712939542295a4d740c0bff657d9035f3200/output/assets"/></dataSet><dataSet config="output"><source path="/Users/14leec1/.android/build-cache/aea16554a48aad3cfca813f0242b44caee4025f5/output/assets"/></dataSet><dataSet config="output"><source path="/Users/14leec1/.android/build-cache/2062ccfd87d97a1344735536000a9d2aae650cf8/output/assets"/></dataSet><dataSet config="output"><source path="/Users/14leec1/.android/build-cache/014936bdec440665473e4f0b5cbaa3a9448c2bda/output/assets"/></dataSet><dataSet config="output"><source path="/Users/14leec1/.android/build-cache/2f53d1c3303ff9f6f148584ed9bbc927b5a0b6ad/output/assets"/></dataSet><dataSet config="output"><source path="/Users/14leec1/.android/build-cache/f7d41dff6036a355398d2894233009862dcb45e7/output/assets"/></dataSet><dataSet config="output"><source path="/Users/14leec1/.android/build-cache/8bbc320027c2af1a80ebf5d7f7481dce3e245396/output/assets"/></dataSet><dataSet config="output"><source path="/Users/14leec1/.android/build-cache/c5aeb9e01246e9f7fb64d0d5293ae6799d062d8d/output/assets"/></dataSet><dataSet config="main"><source path="/Users/14leec1/AndroidStudioProjects/AppUsageStats/app/src/main/assets"/><source path="/Users/14leec1/AndroidStudioProjects/AppUsageStats/app/build/generated/assets/shaders/release"/></dataSet><dataSet config="release"><source path="/Users/14leec1/AndroidStudioProjects/AppUsageStats/app/src/release/assets"/></dataSet></merger>