[
    {
        "merged": "/Users/14leec1/AndroidStudioProjects/AppUsageStats/app/build/intermediates/res/merged/release/color-v23/abc_tint_switch_thumb.xml",
        "source": "/Users/14leec1/.android/build-cache/c5aeb9e01246e9f7fb64d0d5293ae6799d062d8d/output/res/color-v23/abc_tint_switch_thumb.xml"
    },
    {
        "merged": "/Users/14leec1/AndroidStudioProjects/AppUsageStats/app/build/intermediates/res/merged/release/color-v23/abc_btn_colored_borderless_text_material.xml",
        "source": "/Users/14leec1/.android/build-cache/c5aeb9e01246e9f7fb64d0d5293ae6799d062d8d/output/res/color-v23/abc_btn_colored_borderless_text_material.xml"
    },
    {
        "merged": "/Users/14leec1/AndroidStudioProjects/AppUsageStats/app/build/intermediates/res/merged/release/color-v23/abc_btn_colored_text_material.xml",
        "source": "/Users/14leec1/.android/build-cache/c5aeb9e01246e9f7fb64d0d5293ae6799d062d8d/output/res/color-v23/abc_btn_colored_text_material.xml"
    },
    {
        "merged": "/Users/14leec1/AndroidStudioProjects/AppUsageStats/app/build/intermediates/res/merged/release/color-v23/abc_tint_default.xml",
        "source": "/Users/14leec1/.android/build-cache/c5aeb9e01246e9f7fb64d0d5293ae6799d062d8d/output/res/color-v23/abc_tint_default.xml"
    },
    {
        "merged": "/Users/14leec1/AndroidStudioProjects/AppUsageStats/app/build/intermediates/res/merged/release/color-v23/abc_tint_btn_checkable.xml",
        "source": "/Users/14leec1/.android/build-cache/c5aeb9e01246e9f7fb64d0d5293ae6799d062d8d/output/res/color-v23/abc_tint_btn_checkable.xml"
    },
    {
        "merged": "/Users/14leec1/AndroidStudioProjects/AppUsageStats/app/build/intermediates/res/merged/release/color-v23/abc_tint_spinner.xml",
        "source": "/Users/14leec1/.android/build-cache/c5aeb9e01246e9f7fb64d0d5293ae6799d062d8d/output/res/color-v23/abc_tint_spinner.xml"
    },
    {
        "merged": "/Users/14leec1/AndroidStudioProjects/AppUsageStats/app/build/intermediates/res/merged/release/color-v23/abc_color_highlight_material.xml",
        "source": "/Users/14leec1/.android/build-cache/c5aeb9e01246e9f7fb64d0d5293ae6799d062d8d/output/res/color-v23/abc_color_highlight_material.xml"
    },
    {
        "merged": "/Users/14leec1/AndroidStudioProjects/AppUsageStats/app/build/intermediates/res/merged/release/color-v23/abc_tint_seek_thumb.xml",
        "source": "/Users/14leec1/.android/build-cache/c5aeb9e01246e9f7fb64d0d5293ae6799d062d8d/output/res/color-v23/abc_tint_seek_thumb.xml"
    },
    {
        "merged": "/Users/14leec1/AndroidStudioProjects/AppUsageStats/app/build/intermediates/res/merged/release/color-v23/abc_tint_switch_track.xml",
        "source": "/Users/14leec1/.android/build-cache/c5aeb9e01246e9f7fb64d0d5293ae6799d062d8d/output/res/color-v23/abc_tint_switch_track.xml"
    },
    {
        "merged": "/Users/14leec1/AndroidStudioProjects/AppUsageStats/app/build/intermediates/res/merged/release/color-v23/abc_tint_edittext.xml",
        "source": "/Users/14leec1/.android/build-cache/c5aeb9e01246e9f7fb64d0d5293ae6799d062d8d/output/res/color-v23/abc_tint_edittext.xml"
    }
]