[
    {
        "merged": "/Users/14leec1/AndroidStudioProjects/AppUsageStats/app/build/intermediates/res/merged/release/drawable-ldrtl-hdpi-v17/abc_ic_menu_copy_mtrl_am_alpha.png",
        "source": "/Users/14leec1/.android/build-cache/c5aeb9e01246e9f7fb64d0d5293ae6799d062d8d/output/res/drawable-ldrtl-hdpi-v17/abc_ic_menu_copy_mtrl_am_alpha.png"
    },
    {
        "merged": "/Users/14leec1/AndroidStudioProjects/AppUsageStats/app/build/intermediates/res/merged/release/drawable-ldrtl-hdpi-v17/abc_spinner_mtrl_am_alpha.9.png",
        "source": "/Users/14leec1/.android/build-cache/c5aeb9e01246e9f7fb64d0d5293ae6799d062d8d/output/res/drawable-ldrtl-hdpi-v17/abc_spinner_mtrl_am_alpha.9.png"
    },
    {
        "merged": "/Users/14leec1/AndroidStudioProjects/AppUsageStats/app/build/intermediates/res/merged/release/drawable-ldrtl-hdpi-v17/abc_ic_menu_cut_mtrl_alpha.png",
        "source": "/Users/14leec1/.android/build-cache/c5aeb9e01246e9f7fb64d0d5293ae6799d062d8d/output/res/drawable-ldrtl-hdpi-v17/abc_ic_menu_cut_mtrl_alpha.png"
    }
]