[
    {
        "merged": "/Users/14leec1/AndroidStudioProjects/AppUsageStats/app/build/intermediates/res/merged/release/drawable/abc_tab_indicator_material.xml",
        "source": "/Users/14leec1/.android/build-cache/c5aeb9e01246e9f7fb64d0d5293ae6799d062d8d/output/res/drawable/abc_tab_indicator_material.xml"
    },
    {
        "merged": "/Users/14leec1/AndroidStudioProjects/AppUsageStats/app/build/intermediates/res/merged/release/drawable/abc_ic_arrow_drop_right_black_24dp.xml",
        "source": "/Users/14leec1/.android/build-cache/c5aeb9e01246e9f7fb64d0d5293ae6799d062d8d/output/res/drawable/abc_ic_arrow_drop_right_black_24dp.xml"
    },
    {
        "merged": "/Users/14leec1/AndroidStudioProjects/AppUsageStats/app/build/intermediates/res/merged/release/drawable/abc_item_background_holo_dark.xml",
        "source": "/Users/14leec1/.android/build-cache/c5aeb9e01246e9f7fb64d0d5293ae6799d062d8d/output/res/drawable/abc_item_background_holo_dark.xml"
    },
    {
        "merged": "/Users/14leec1/AndroidStudioProjects/AppUsageStats/app/build/intermediates/res/merged/release/drawable/abc_list_selector_background_transition_holo_dark.xml",
        "source": "/Users/14leec1/.android/build-cache/c5aeb9e01246e9f7fb64d0d5293ae6799d062d8d/output/res/drawable/abc_list_selector_background_transition_holo_dark.xml"
    },
    {
        "merged": "/Users/14leec1/AndroidStudioProjects/AppUsageStats/app/build/intermediates/res/merged/release/drawable/abc_cab_background_top_material.xml",
        "source": "/Users/14leec1/.android/build-cache/c5aeb9e01246e9f7fb64d0d5293ae6799d062d8d/output/res/drawable/abc_cab_background_top_material.xml"
    },
    {
        "merged": "/Users/14leec1/AndroidStudioProjects/AppUsageStats/app/build/intermediates/res/merged/release/drawable/abc_ic_ab_back_material.xml",
        "source": "/Users/14leec1/.android/build-cache/c5aeb9e01246e9f7fb64d0d5293ae6799d062d8d/output/res/drawable/abc_ic_ab_back_material.xml"
    },
    {
        "merged": "/Users/14leec1/AndroidStudioProjects/AppUsageStats/app/build/intermediates/res/merged/release/drawable/abc_switch_thumb_material.xml",
        "source": "/Users/14leec1/.android/build-cache/c5aeb9e01246e9f7fb64d0d5293ae6799d062d8d/output/res/drawable/abc_switch_thumb_material.xml"
    },
    {
        "merged": "/Users/14leec1/AndroidStudioProjects/AppUsageStats/app/build/intermediates/res/merged/release/drawable/abc_textfield_search_material.xml",
        "source": "/Users/14leec1/.android/build-cache/c5aeb9e01246e9f7fb64d0d5293ae6799d062d8d/output/res/drawable/abc_textfield_search_material.xml"
    },
    {
        "merged": "/Users/14leec1/AndroidStudioProjects/AppUsageStats/app/build/intermediates/res/merged/release/drawable/abc_list_selector_holo_dark.xml",
        "source": "/Users/14leec1/.android/build-cache/c5aeb9e01246e9f7fb64d0d5293ae6799d062d8d/output/res/drawable/abc_list_selector_holo_dark.xml"
    },
    {
        "merged": "/Users/14leec1/AndroidStudioProjects/AppUsageStats/app/build/intermediates/res/merged/release/drawable/abc_ic_clear_material.xml",
        "source": "/Users/14leec1/.android/build-cache/c5aeb9e01246e9f7fb64d0d5293ae6799d062d8d/output/res/drawable/abc_ic_clear_material.xml"
    },
    {
        "merged": "/Users/14leec1/AndroidStudioProjects/AppUsageStats/app/build/intermediates/res/merged/release/drawable/abc_vector_test.xml",
        "source": "/Users/14leec1/.android/build-cache/c5aeb9e01246e9f7fb64d0d5293ae6799d062d8d/output/res/drawable/abc_vector_test.xml"
    },
    {
        "merged": "/Users/14leec1/AndroidStudioProjects/AppUsageStats/app/build/intermediates/res/merged/release/drawable/abc_btn_borderless_material.xml",
        "source": "/Users/14leec1/.android/build-cache/c5aeb9e01246e9f7fb64d0d5293ae6799d062d8d/output/res/drawable/abc_btn_borderless_material.xml"
    },
    {
        "merged": "/Users/14leec1/AndroidStudioProjects/AppUsageStats/app/build/intermediates/res/merged/release/drawable/abc_list_selector_background_transition_holo_light.xml",
        "source": "/Users/14leec1/.android/build-cache/c5aeb9e01246e9f7fb64d0d5293ae6799d062d8d/output/res/drawable/abc_list_selector_background_transition_holo_light.xml"
    },
    {
        "merged": "/Users/14leec1/AndroidStudioProjects/AppUsageStats/app/build/intermediates/res/merged/release/drawable/abc_item_background_holo_light.xml",
        "source": "/Users/14leec1/.android/build-cache/c5aeb9e01246e9f7fb64d0d5293ae6799d062d8d/output/res/drawable/abc_item_background_holo_light.xml"
    },
    {
        "merged": "/Users/14leec1/AndroidStudioProjects/AppUsageStats/app/build/intermediates/res/merged/release/drawable/abc_ratingbar_small_material.xml",
        "source": "/Users/14leec1/.android/build-cache/c5aeb9e01246e9f7fb64d0d5293ae6799d062d8d/output/res/drawable/abc_ratingbar_small_material.xml"
    },
    {
        "merged": "/Users/14leec1/AndroidStudioProjects/AppUsageStats/app/build/intermediates/res/merged/release/drawable/abc_cab_background_internal_bg.xml",
        "source": "/Users/14leec1/.android/build-cache/c5aeb9e01246e9f7fb64d0d5293ae6799d062d8d/output/res/drawable/abc_cab_background_internal_bg.xml"
    },
    {
        "merged": "/Users/14leec1/AndroidStudioProjects/AppUsageStats/app/build/intermediates/res/merged/release/drawable/abc_ic_go_search_api_material.xml",
        "source": "/Users/14leec1/.android/build-cache/c5aeb9e01246e9f7fb64d0d5293ae6799d062d8d/output/res/drawable/abc_ic_go_search_api_material.xml"
    },
    {
        "merged": "/Users/14leec1/AndroidStudioProjects/AppUsageStats/app/build/intermediates/res/merged/release/drawable/abc_btn_radio_material.xml",
        "source": "/Users/14leec1/.android/build-cache/c5aeb9e01246e9f7fb64d0d5293ae6799d062d8d/output/res/drawable/abc_btn_radio_material.xml"
    },
    {
        "merged": "/Users/14leec1/AndroidStudioProjects/AppUsageStats/app/build/intermediates/res/merged/release/drawable/abc_ic_menu_overflow_material.xml",
        "source": "/Users/14leec1/.android/build-cache/c5aeb9e01246e9f7fb64d0d5293ae6799d062d8d/output/res/drawable/abc_ic_menu_overflow_material.xml"
    },
    {
        "merged": "/Users/14leec1/AndroidStudioProjects/AppUsageStats/app/build/intermediates/res/merged/release/drawable/abc_text_cursor_material.xml",
        "source": "/Users/14leec1/.android/build-cache/c5aeb9e01246e9f7fb64d0d5293ae6799d062d8d/output/res/drawable/abc_text_cursor_material.xml"
    },
    {
        "merged": "/Users/14leec1/AndroidStudioProjects/AppUsageStats/app/build/intermediates/res/merged/release/drawable/notification_icon_background.xml",
        "source": "/Users/14leec1/.android/build-cache/c5aeb9e01246e9f7fb64d0d5293ae6799d062d8d/output/res/drawable/notification_icon_background.xml"
    },
    {
        "merged": "/Users/14leec1/AndroidStudioProjects/AppUsageStats/app/build/intermediates/res/merged/release/drawable/abc_btn_check_material.xml",
        "source": "/Users/14leec1/.android/build-cache/c5aeb9e01246e9f7fb64d0d5293ae6799d062d8d/output/res/drawable/abc_btn_check_material.xml"
    },
    {
        "merged": "/Users/14leec1/AndroidStudioProjects/AppUsageStats/app/build/intermediates/res/merged/release/drawable/abc_list_selector_holo_light.xml",
        "source": "/Users/14leec1/.android/build-cache/c5aeb9e01246e9f7fb64d0d5293ae6799d062d8d/output/res/drawable/abc_list_selector_holo_light.xml"
    },
    {
        "merged": "/Users/14leec1/AndroidStudioProjects/AppUsageStats/app/build/intermediates/res/merged/release/drawable/abc_spinner_textfield_background_material.xml",
        "source": "/Users/14leec1/.android/build-cache/c5aeb9e01246e9f7fb64d0d5293ae6799d062d8d/output/res/drawable/abc_spinner_textfield_background_material.xml"
    },
    {
        "merged": "/Users/14leec1/AndroidStudioProjects/AppUsageStats/app/build/intermediates/res/merged/release/drawable/notification_bg_low.xml",
        "source": "/Users/14leec1/.android/build-cache/c5aeb9e01246e9f7fb64d0d5293ae6799d062d8d/output/res/drawable/notification_bg_low.xml"
    },
    {
        "merged": "/Users/14leec1/AndroidStudioProjects/AppUsageStats/app/build/intermediates/res/merged/release/drawable/abc_seekbar_tick_mark_material.xml",
        "source": "/Users/14leec1/.android/build-cache/c5aeb9e01246e9f7fb64d0d5293ae6799d062d8d/output/res/drawable/abc_seekbar_tick_mark_material.xml"
    },
    {
        "merged": "/Users/14leec1/AndroidStudioProjects/AppUsageStats/app/build/intermediates/res/merged/release/drawable/notification_bg.xml",
        "source": "/Users/14leec1/.android/build-cache/c5aeb9e01246e9f7fb64d0d5293ae6799d062d8d/output/res/drawable/notification_bg.xml"
    },
    {
        "merged": "/Users/14leec1/AndroidStudioProjects/AppUsageStats/app/build/intermediates/res/merged/release/drawable/abc_seekbar_track_material.xml",
        "source": "/Users/14leec1/.android/build-cache/c5aeb9e01246e9f7fb64d0d5293ae6799d062d8d/output/res/drawable/abc_seekbar_track_material.xml"
    },
    {
        "merged": "/Users/14leec1/AndroidStudioProjects/AppUsageStats/app/build/intermediates/res/merged/release/drawable/abc_dialog_material_background.xml",
        "source": "/Users/14leec1/.android/build-cache/c5aeb9e01246e9f7fb64d0d5293ae6799d062d8d/output/res/drawable/abc_dialog_material_background.xml"
    },
    {
        "merged": "/Users/14leec1/AndroidStudioProjects/AppUsageStats/app/build/intermediates/res/merged/release/drawable/abc_ratingbar_indicator_material.xml",
        "source": "/Users/14leec1/.android/build-cache/c5aeb9e01246e9f7fb64d0d5293ae6799d062d8d/output/res/drawable/abc_ratingbar_indicator_material.xml"
    },
    {
        "merged": "/Users/14leec1/AndroidStudioProjects/AppUsageStats/app/build/intermediates/res/merged/release/drawable/abc_seekbar_thumb_material.xml",
        "source": "/Users/14leec1/.android/build-cache/c5aeb9e01246e9f7fb64d0d5293ae6799d062d8d/output/res/drawable/abc_seekbar_thumb_material.xml"
    },
    {
        "merged": "/Users/14leec1/AndroidStudioProjects/AppUsageStats/app/build/intermediates/res/merged/release/drawable/abc_ratingbar_material.xml",
        "source": "/Users/14leec1/.android/build-cache/c5aeb9e01246e9f7fb64d0d5293ae6799d062d8d/output/res/drawable/abc_ratingbar_material.xml"
    },
    {
        "merged": "/Users/14leec1/AndroidStudioProjects/AppUsageStats/app/build/intermediates/res/merged/release/drawable/abc_ic_voice_search_api_material.xml",
        "source": "/Users/14leec1/.android/build-cache/c5aeb9e01246e9f7fb64d0d5293ae6799d062d8d/output/res/drawable/abc_ic_voice_search_api_material.xml"
    },
    {
        "merged": "/Users/14leec1/AndroidStudioProjects/AppUsageStats/app/build/intermediates/res/merged/release/drawable/green_gradient.jpg",
        "source": "/Users/14leec1/AndroidStudioProjects/AppUsageStats/app/src/main/res/drawable/green_gradient.jpg"
    },
    {
        "merged": "/Users/14leec1/AndroidStudioProjects/AppUsageStats/app/build/intermediates/res/merged/release/drawable/abc_btn_default_mtrl_shape.xml",
        "source": "/Users/14leec1/.android/build-cache/c5aeb9e01246e9f7fb64d0d5293ae6799d062d8d/output/res/drawable/abc_btn_default_mtrl_shape.xml"
    },
    {
        "merged": "/Users/14leec1/AndroidStudioProjects/AppUsageStats/app/build/intermediates/res/merged/release/drawable/abc_ic_search_api_material.xml",
        "source": "/Users/14leec1/.android/build-cache/c5aeb9e01246e9f7fb64d0d5293ae6799d062d8d/output/res/drawable/abc_ic_search_api_material.xml"
    },
    {
        "merged": "/Users/14leec1/AndroidStudioProjects/AppUsageStats/app/build/intermediates/res/merged/release/drawable/notification_tile_bg.xml",
        "source": "/Users/14leec1/.android/build-cache/c5aeb9e01246e9f7fb64d0d5293ae6799d062d8d/output/res/drawable/notification_tile_bg.xml"
    }
]