[
    {
        "outputFile": "/Users/14leec1/AndroidStudioProjects/AppUsageStats/app/build/intermediates/incremental/mergeReleaseResources/merged.dir/values-v22/values-v22.xml",
        "map": [
            {
                "to": {
                    "startLine": 2,
                    "startColumn": 4,
                    "startOffset": 55,
                    "endColumn": 74,
                    "endOffset": 125
                },
                "from": {
                    "file": "/Users/14leec1/.android/build-cache/c5aeb9e01246e9f7fb64d0d5293ae6799d062d8d/output/res/values-v22/values-v22.xml",
                    "position": {
                        "startLine": 2,
                        "startColumn": 4,
                        "startOffset": 55,
                        "endColumn": 74,
                        "endOffset": 125
                    }
                }
            },
            {
                "to": {
                    "startLine": 3,
                    "startColumn": 4,
                    "startOffset": 130,
                    "endColumn": 86,
                    "endOffset": 212
                },
                "from": {
                    "file": "/Users/14leec1/.android/build-cache/c5aeb9e01246e9f7fb64d0d5293ae6799d062d8d/output/res/values-v22/values-v22.xml",
                    "position": {
                        "startLine": 3,
                        "startColumn": 4,
                        "startOffset": 130,
                        "endColumn": 86,
                        "endOffset": 212
                    }
                }
            },
            {
                "to": {
                    "startLine": 4,
                    "startColumn": 4,
                    "startOffset": 217,
                    "endLine": 8,
                    "endColumn": 12,
                    "endOffset": 548
                },
                "from": {
                    "file": "/Users/14leec1/.android/build-cache/c5aeb9e01246e9f7fb64d0d5293ae6799d062d8d/output/res/values-v22/values-v22.xml",
                    "position": {
                        "startLine": 4,
                        "startColumn": 4,
                        "startOffset": 217,
                        "endLine": 8,
                        "endColumn": 12,
                        "endOffset": 548
                    }
                }
            },
            {
                "to": {
                    "startLine": 9,
                    "startColumn": 4,
                    "startOffset": 553,
                    "endLine": 13,
                    "endColumn": 12,
                    "endOffset": 896
                },
                "from": {
                    "file": "/Users/14leec1/.android/build-cache/c5aeb9e01246e9f7fb64d0d5293ae6799d062d8d/output/res/values-v22/values-v22.xml",
                    "position": {
                        "startLine": 9,
                        "startColumn": 4,
                        "startOffset": 553,
                        "endLine": 13,
                        "endColumn": 12,
                        "endOffset": 896
                    }
                }
            }
        ]
    }
]