[
    {
        "outputFile": "/Users/14leec1/AndroidStudioProjects/AppUsageStats/app/build/intermediates/incremental/mergeReleaseResources/merged.dir/values-sw600dp-v13/values-sw600dp-v13.xml",
        "map": [
            {
                "to": {
                    "startLine": 2,
                    "startColumn": 4,
                    "startOffset": 55,
                    "endColumn": 68,
                    "endOffset": 119
                },
                "from": {
                    "file": "/Users/14leec1/.android/build-cache/c5aeb9e01246e9f7fb64d0d5293ae6799d062d8d/output/res/values-sw600dp-v13/values-sw600dp-v13.xml",
                    "position": {
                        "startLine": 2,
                        "startColumn": 4,
                        "startOffset": 55,
                        "endColumn": 68,
                        "endOffset": 119
                    }
                }
            },
            {
                "to": {
                    "startLine": 3,
                    "startColumn": 4,
                    "startOffset": 124,
                    "endColumn": 68,
                    "endOffset": 188
                },
                "from": {
                    "file": "/Users/14leec1/.android/build-cache/c5aeb9e01246e9f7fb64d0d5293ae6799d062d8d/output/res/values-sw600dp-v13/values-sw600dp-v13.xml",
                    "position": {
                        "startLine": 3,
                        "startColumn": 4,
                        "startOffset": 124,
                        "endColumn": 68,
                        "endOffset": 188
                    }
                }
            },
            {
                "to": {
                    "startLine": 4,
                    "startColumn": 4,
                    "startOffset": 193,
                    "endColumn": 69,
                    "endOffset": 258
                },
                "from": {
                    "file": "/Users/14leec1/.android/build-cache/c5aeb9e01246e9f7fb64d0d5293ae6799d062d8d/output/res/values-sw600dp-v13/values-sw600dp-v13.xml",
                    "position": {
                        "startLine": 4,
                        "startColumn": 4,
                        "startOffset": 193,
                        "endColumn": 69,
                        "endOffset": 258
                    }
                }
            },
            {
                "to": {
                    "startLine": 5,
                    "startColumn": 4,
                    "startOffset": 263,
                    "endColumn": 73,
                    "endOffset": 332
                },
                "from": {
                    "file": "/Users/14leec1/.android/build-cache/c5aeb9e01246e9f7fb64d0d5293ae6799d062d8d/output/res/values-sw600dp-v13/values-sw600dp-v13.xml",
                    "position": {
                        "startLine": 5,
                        "startColumn": 4,
                        "startOffset": 263,
                        "endColumn": 73,
                        "endOffset": 332
                    }
                }
            },
            {
                "to": {
                    "startLine": 6,
                    "startColumn": 4,
                    "startOffset": 337,
                    "endColumn": 75,
                    "endOffset": 408
                },
                "from": {
                    "file": "/Users/14leec1/.android/build-cache/c5aeb9e01246e9f7fb64d0d5293ae6799d062d8d/output/res/values-sw600dp-v13/values-sw600dp-v13.xml",
                    "position": {
                        "startLine": 6,
                        "startColumn": 4,
                        "startOffset": 337,
                        "endColumn": 75,
                        "endOffset": 408
                    }
                }
            },
            {
                "to": {
                    "startLine": 7,
                    "startColumn": 4,
                    "startOffset": 413,
                    "endColumn": 58,
                    "endOffset": 467
                },
                "from": {
                    "file": "/Users/14leec1/.android/build-cache/c5aeb9e01246e9f7fb64d0d5293ae6799d062d8d/output/res/values-sw600dp-v13/values-sw600dp-v13.xml",
                    "position": {
                        "startLine": 7,
                        "startColumn": 4,
                        "startOffset": 413,
                        "endColumn": 58,
                        "endOffset": 467
                    }
                }
            },
            {
                "to": {
                    "startLine": 8,
                    "startColumn": 4,
                    "startOffset": 472,
                    "endColumn": 70,
                    "endOffset": 538
                },
                "from": {
                    "file": "/Users/14leec1/.android/build-cache/c5aeb9e01246e9f7fb64d0d5293ae6799d062d8d/output/res/values-sw600dp-v13/values-sw600dp-v13.xml",
                    "position": {
                        "startLine": 8,
                        "startColumn": 4,
                        "startOffset": 472,
                        "endColumn": 70,
                        "endOffset": 538
                    }
                }
            },
            {
                "to": {
                    "startLine": 9,
                    "startColumn": 4,
                    "startOffset": 543,
                    "endColumn": 67,
                    "endOffset": 606
                },
                "from": {
                    "file": "/Users/14leec1/.android/build-cache/c5aeb9e01246e9f7fb64d0d5293ae6799d062d8d/output/res/values-sw600dp-v13/values-sw600dp-v13.xml",
                    "position": {
                        "startLine": 9,
                        "startColumn": 4,
                        "startOffset": 543,
                        "endColumn": 67,
                        "endOffset": 606
                    }
                }
            }
        ]
    }
]