[
    {
        "outputFile": "/Users/14leec1/AndroidStudioProjects/AppUsageStats/app/build/intermediates/incremental/mergeReleaseResources/merged.dir/values-nl/values-nl.xml",
        "map": [
            {
                "to": {
                    "startLine": 2,
                    "startColumn": 4,
                    "startOffset": 105,
                    "endColumn": 117,
                    "endOffset": 218
                },
                "from": {
                    "file": "/Users/14leec1/.android/build-cache/c5aeb9e01246e9f7fb64d0d5293ae6799d062d8d/output/res/values-nl/values-nl.xml",
                    "position": {
                        "startLine": 2,
                        "startColumn": 4,
                        "startOffset": 55,
                        "endColumn": 117,
                        "endOffset": 168
                    }
                }
            },
            {
                "to": {
                    "startLine": 3,
                    "startColumn": 4,
                    "startOffset": 223,
                    "endColumn": 107,
                    "endOffset": 326
                },
                "from": {
                    "file": "/Users/14leec1/.android/build-cache/c5aeb9e01246e9f7fb64d0d5293ae6799d062d8d/output/res/values-nl/values-nl.xml",
                    "position": {
                        "startLine": 3,
                        "startColumn": 4,
                        "startOffset": 173,
                        "endColumn": 107,
                        "endOffset": 276
                    }
                }
            },
            {
                "to": {
                    "startLine": 4,
                    "startColumn": 4,
                    "startOffset": 331,
                    "endColumn": 122,
                    "endOffset": 449
                },
                "from": {
                    "file": "/Users/14leec1/.android/build-cache/c5aeb9e01246e9f7fb64d0d5293ae6799d062d8d/output/res/values-nl/values-nl.xml",
                    "position": {
                        "startLine": 4,
                        "startColumn": 4,
                        "startOffset": 281,
                        "endColumn": 122,
                        "endOffset": 399
                    }
                }
            },
            {
                "to": {
                    "startLine": 5,
                    "startColumn": 4,
                    "startOffset": 454,
                    "endColumn": 104,
                    "endOffset": 554
                },
                "from": {
                    "file": "/Users/14leec1/.android/build-cache/c5aeb9e01246e9f7fb64d0d5293ae6799d062d8d/output/res/values-nl/values-nl.xml",
                    "position": {
                        "startLine": 5,
                        "startColumn": 4,
                        "startOffset": 404,
                        "endColumn": 104,
                        "endOffset": 504
                    }
                }
            },
            {
                "to": {
                    "startLine": 6,
                    "startColumn": 4,
                    "startOffset": 559,
                    "endColumn": 106,
                    "endOffset": 661
                },
                "from": {
                    "file": "/Users/14leec1/.android/build-cache/c5aeb9e01246e9f7fb64d0d5293ae6799d062d8d/output/res/values-nl/values-nl.xml",
                    "position": {
                        "startLine": 6,
                        "startColumn": 4,
                        "startOffset": 509,
                        "endColumn": 106,
                        "endOffset": 611
                    }
                }
            },
            {
                "to": {
                    "startLine": 7,
                    "startColumn": 4,
                    "startOffset": 666,
                    "endColumn": 85,
                    "endOffset": 747
                },
                "from": {
                    "file": "/Users/14leec1/.android/build-cache/c5aeb9e01246e9f7fb64d0d5293ae6799d062d8d/output/res/values-nl/values-nl.xml",
                    "position": {
                        "startLine": 7,
                        "startColumn": 4,
                        "startOffset": 616,
                        "endColumn": 85,
                        "endOffset": 697
                    }
                }
            },
            {
                "to": {
                    "startLine": 8,
                    "startColumn": 4,
                    "startOffset": 752,
                    "endColumn": 107,
                    "endOffset": 855
                },
                "from": {
                    "file": "/Users/14leec1/.android/build-cache/c5aeb9e01246e9f7fb64d0d5293ae6799d062d8d/output/res/values-nl/values-nl.xml",
                    "position": {
                        "startLine": 8,
                        "startColumn": 4,
                        "startOffset": 702,
                        "endColumn": 107,
                        "endOffset": 805
                    }
                }
            },
            {
                "to": {
                    "startLine": 9,
                    "startColumn": 4,
                    "startOffset": 860,
                    "endColumn": 119,
                    "endOffset": 975
                },
                "from": {
                    "file": "/Users/14leec1/.android/build-cache/c5aeb9e01246e9f7fb64d0d5293ae6799d062d8d/output/res/values-nl/values-nl.xml",
                    "position": {
                        "startLine": 9,
                        "startColumn": 4,
                        "startOffset": 810,
                        "endColumn": 119,
                        "endOffset": 925
                    }
                }
            },
            {
                "to": {
                    "startLine": 10,
                    "startColumn": 4,
                    "startOffset": 980,
                    "endColumn": 76,
                    "endOffset": 1052
                },
                "from": {
                    "file": "/Users/14leec1/.android/build-cache/c5aeb9e01246e9f7fb64d0d5293ae6799d062d8d/output/res/values-nl/values-nl.xml",
                    "position": {
                        "startLine": 10,
                        "startColumn": 4,
                        "startOffset": 930,
                        "endColumn": 76,
                        "endOffset": 1002
                    }
                }
            },
            {
                "to": {
                    "startLine": 11,
                    "startColumn": 4,
                    "startOffset": 1057,
                    "endColumn": 76,
                    "endOffset": 1129
                },
                "from": {
                    "file": "/Users/14leec1/.android/build-cache/c5aeb9e01246e9f7fb64d0d5293ae6799d062d8d/output/res/values-nl/values-nl.xml",
                    "position": {
                        "startLine": 11,
                        "startColumn": 4,
                        "startOffset": 1007,
                        "endColumn": 76,
                        "endOffset": 1079
                    }
                }
            },
            {
                "to": {
                    "startLine": 12,
                    "startColumn": 4,
                    "startOffset": 1134,
                    "endColumn": 81,
                    "endOffset": 1211
                },
                "from": {
                    "file": "/Users/14leec1/.android/build-cache/c5aeb9e01246e9f7fb64d0d5293ae6799d062d8d/output/res/values-nl/values-nl.xml",
                    "position": {
                        "startLine": 12,
                        "startColumn": 4,
                        "startOffset": 1084,
                        "endColumn": 81,
                        "endOffset": 1161
                    }
                }
            },
            {
                "to": {
                    "startLine": 13,
                    "startColumn": 4,
                    "startOffset": 1216,
                    "endColumn": 110,
                    "endOffset": 1322
                },
                "from": {
                    "file": "/Users/14leec1/.android/build-cache/c5aeb9e01246e9f7fb64d0d5293ae6799d062d8d/output/res/values-nl/values-nl.xml",
                    "position": {
                        "startLine": 13,
                        "startColumn": 4,
                        "startOffset": 1166,
                        "endColumn": 110,
                        "endOffset": 1272
                    }
                }
            },
            {
                "to": {
                    "startLine": 14,
                    "startColumn": 4,
                    "startOffset": 1327,
                    "endColumn": 103,
                    "endOffset": 1426
                },
                "from": {
                    "file": "/Users/14leec1/.android/build-cache/c5aeb9e01246e9f7fb64d0d5293ae6799d062d8d/output/res/values-nl/values-nl.xml",
                    "position": {
                        "startLine": 14,
                        "startColumn": 4,
                        "startOffset": 1277,
                        "endColumn": 103,
                        "endOffset": 1376
                    }
                }
            },
            {
                "to": {
                    "startLine": 15,
                    "startColumn": 4,
                    "startOffset": 1431,
                    "endColumn": 98,
                    "endOffset": 1525
                },
                "from": {
                    "file": "/Users/14leec1/.android/build-cache/c5aeb9e01246e9f7fb64d0d5293ae6799d062d8d/output/res/values-nl/values-nl.xml",
                    "position": {
                        "startLine": 15,
                        "startColumn": 4,
                        "startOffset": 1381,
                        "endColumn": 98,
                        "endOffset": 1475
                    }
                }
            },
            {
                "to": {
                    "startLine": 16,
                    "startColumn": 4,
                    "startOffset": 1530,
                    "endColumn": 114,
                    "endOffset": 1640
                },
                "from": {
                    "file": "/Users/14leec1/.android/build-cache/c5aeb9e01246e9f7fb64d0d5293ae6799d062d8d/output/res/values-nl/values-nl.xml",
                    "position": {
                        "startLine": 16,
                        "startColumn": 4,
                        "startOffset": 1480,
                        "endColumn": 114,
                        "endOffset": 1590
                    }
                }
            },
            {
                "to": {
                    "startLine": 17,
                    "startColumn": 4,
                    "startOffset": 1645,
                    "endColumn": 112,
                    "endOffset": 1753
                },
                "from": {
                    "file": "/Users/14leec1/.android/build-cache/c5aeb9e01246e9f7fb64d0d5293ae6799d062d8d/output/res/values-nl/values-nl.xml",
                    "position": {
                        "startLine": 17,
                        "startColumn": 4,
                        "startOffset": 1595,
                        "endColumn": 112,
                        "endOffset": 1703
                    }
                }
            },
            {
                "to": {
                    "startLine": 18,
                    "startColumn": 4,
                    "startOffset": 1758,
                    "endColumn": 102,
                    "endOffset": 1856
                },
                "from": {
                    "file": "/Users/14leec1/.android/build-cache/c5aeb9e01246e9f7fb64d0d5293ae6799d062d8d/output/res/values-nl/values-nl.xml",
                    "position": {
                        "startLine": 18,
                        "startColumn": 4,
                        "startOffset": 1708,
                        "endColumn": 102,
                        "endOffset": 1806
                    }
                }
            },
            {
                "to": {
                    "startLine": 19,
                    "startColumn": 4,
                    "startOffset": 1861,
                    "endColumn": 117,
                    "endOffset": 1974
                },
                "from": {
                    "file": "/Users/14leec1/.android/build-cache/c5aeb9e01246e9f7fb64d0d5293ae6799d062d8d/output/res/values-nl/values-nl.xml",
                    "position": {
                        "startLine": 19,
                        "startColumn": 4,
                        "startOffset": 1811,
                        "endColumn": 117,
                        "endOffset": 1924
                    }
                }
            },
            {
                "to": {
                    "startLine": 20,
                    "startColumn": 4,
                    "startOffset": 1979,
                    "endColumn": 102,
                    "endOffset": 2077
                },
                "from": {
                    "file": "/Users/14leec1/.android/build-cache/c5aeb9e01246e9f7fb64d0d5293ae6799d062d8d/output/res/values-nl/values-nl.xml",
                    "position": {
                        "startLine": 20,
                        "startColumn": 4,
                        "startOffset": 1929,
                        "endColumn": 102,
                        "endOffset": 2027
                    }
                }
            },
            {
                "to": {
                    "startLine": 21,
                    "startColumn": 4,
                    "startOffset": 2082,
                    "endColumn": 201,
                    "endOffset": 2279
                },
                "from": {
                    "file": "/Users/14leec1/.android/build-cache/ff4967dcef41267c999da54fcc7c7f9e60142282/output/res/values-nl/values.xml",
                    "position": {
                        "startLine": 4,
                        "startColumn": 0,
                        "startOffset": 285,
                        "endColumn": 201,
                        "endOffset": 486
                    }
                }
            },
            {
                "to": {
                    "startLine": 22,
                    "startColumn": 4,
                    "startOffset": 2284,
                    "endColumn": 81,
                    "endOffset": 2361
                },
                "from": {
                    "file": "/Users/14leec1/.android/build-cache/c5aeb9e01246e9f7fb64d0d5293ae6799d062d8d/output/res/values-nl/values-nl.xml",
                    "position": {
                        "startLine": 21,
                        "startColumn": 4,
                        "startOffset": 2032,
                        "endColumn": 81,
                        "endOffset": 2109
                    }
                }
            },
            {
                "to": {
                    "startLine": 23,
                    "startColumn": 4,
                    "startOffset": 2366,
                    "endColumn": 100,
                    "endOffset": 2462
                },
                "from": {
                    "file": "/Users/14leec1/.android/build-cache/c5aeb9e01246e9f7fb64d0d5293ae6799d062d8d/output/res/values-nl/values-nl.xml",
                    "position": {
                        "startLine": 22,
                        "startColumn": 4,
                        "startOffset": 2114,
                        "endColumn": 100,
                        "endOffset": 2210
                    }
                }
            }
        ]
    }
]