[
    {
        "outputFile": "/Users/14leec1/AndroidStudioProjects/AppUsageStats/app/build/intermediates/incremental/mergeReleaseResources/merged.dir/values-night-v8/values-night-v8.xml",
        "map": [
            {
                "to": {
                    "startLine": 2,
                    "startColumn": 4,
                    "startOffset": 55,
                    "endColumn": 69,
                    "endOffset": 120
                },
                "from": {
                    "file": "/Users/14leec1/.android/build-cache/c5aeb9e01246e9f7fb64d0d5293ae6799d062d8d/output/res/values-night-v8/values-night-v8.xml",
                    "position": {
                        "startLine": 2,
                        "startColumn": 4,
                        "startOffset": 55,
                        "endColumn": 69,
                        "endOffset": 120
                    }
                }
            },
            {
                "to": {
                    "startLine": 3,
                    "startColumn": 4,
                    "startOffset": 125,
                    "endColumn": 83,
                    "endOffset": 204
                },
                "from": {
                    "file": "/Users/14leec1/.android/build-cache/c5aeb9e01246e9f7fb64d0d5293ae6799d062d8d/output/res/values-night-v8/values-night-v8.xml",
                    "position": {
                        "startLine": 3,
                        "startColumn": 4,
                        "startOffset": 125,
                        "endColumn": 83,
                        "endOffset": 204
                    }
                }
            },
            {
                "to": {
                    "startLine": 4,
                    "startColumn": 4,
                    "startOffset": 209,
                    "endColumn": 83,
                    "endOffset": 288
                },
                "from": {
                    "file": "/Users/14leec1/.android/build-cache/c5aeb9e01246e9f7fb64d0d5293ae6799d062d8d/output/res/values-night-v8/values-night-v8.xml",
                    "position": {
                        "startLine": 4,
                        "startColumn": 4,
                        "startOffset": 209,
                        "endColumn": 83,
                        "endOffset": 288
                    }
                }
            },
            {
                "to": {
                    "startLine": 5,
                    "startColumn": 4,
                    "startOffset": 293,
                    "endColumn": 95,
                    "endOffset": 384
                },
                "from": {
                    "file": "/Users/14leec1/.android/build-cache/c5aeb9e01246e9f7fb64d0d5293ae6799d062d8d/output/res/values-night-v8/values-night-v8.xml",
                    "position": {
                        "startLine": 5,
                        "startColumn": 4,
                        "startOffset": 293,
                        "endColumn": 95,
                        "endOffset": 384
                    }
                }
            },
            {
                "to": {
                    "startLine": 6,
                    "startColumn": 4,
                    "startOffset": 389,
                    "endColumn": 101,
                    "endOffset": 486
                },
                "from": {
                    "file": "/Users/14leec1/.android/build-cache/c5aeb9e01246e9f7fb64d0d5293ae6799d062d8d/output/res/values-night-v8/values-night-v8.xml",
                    "position": {
                        "startLine": 6,
                        "startColumn": 4,
                        "startOffset": 389,
                        "endColumn": 101,
                        "endOffset": 486
                    }
                }
            },
            {
                "to": {
                    "startLine": 7,
                    "startColumn": 4,
                    "startOffset": 491,
                    "endColumn": 101,
                    "endOffset": 588
                },
                "from": {
                    "file": "/Users/14leec1/.android/build-cache/c5aeb9e01246e9f7fb64d0d5293ae6799d062d8d/output/res/values-night-v8/values-night-v8.xml",
                    "position": {
                        "startLine": 7,
                        "startColumn": 4,
                        "startOffset": 491,
                        "endColumn": 101,
                        "endOffset": 588
                    }
                }
            },
            {
                "to": {
                    "startLine": 8,
                    "startColumn": 4,
                    "startOffset": 593,
                    "endColumn": 93,
                    "endOffset": 682
                },
                "from": {
                    "file": "/Users/14leec1/.android/build-cache/c5aeb9e01246e9f7fb64d0d5293ae6799d062d8d/output/res/values-night-v8/values-night-v8.xml",
                    "position": {
                        "startLine": 8,
                        "startColumn": 4,
                        "startOffset": 593,
                        "endColumn": 93,
                        "endOffset": 682
                    }
                }
            }
        ]
    }
]