[
    {
        "outputFile": "/Users/14leec1/AndroidStudioProjects/AppUsageStats/app/build/intermediates/incremental/mergeReleaseResources/merged.dir/values-en-rGB/values-en-rGB.xml",
        "map": [
            {
                "to": {
                    "startLine": 2,
                    "startColumn": 4,
                    "startOffset": 105,
                    "endColumn": 103,
                    "endOffset": 204
                },
                "from": {
                    "file": "/Users/14leec1/.android/build-cache/c5aeb9e01246e9f7fb64d0d5293ae6799d062d8d/output/res/values-en-rGB/values-en-rGB.xml",
                    "position": {
                        "startLine": 2,
                        "startColumn": 4,
                        "startOffset": 55,
                        "endColumn": 103,
                        "endOffset": 154
                    }
                }
            },
            {
                "to": {
                    "startLine": 3,
                    "startColumn": 4,
                    "startOffset": 209,
                    "endColumn": 107,
                    "endOffset": 312
                },
                "from": {
                    "file": "/Users/14leec1/.android/build-cache/c5aeb9e01246e9f7fb64d0d5293ae6799d062d8d/output/res/values-en-rGB/values-en-rGB.xml",
                    "position": {
                        "startLine": 3,
                        "startColumn": 4,
                        "startOffset": 159,
                        "endColumn": 107,
                        "endOffset": 262
                    }
                }
            },
            {
                "to": {
                    "startLine": 4,
                    "startColumn": 4,
                    "startOffset": 317,
                    "endColumn": 122,
                    "endOffset": 435
                },
                "from": {
                    "file": "/Users/14leec1/.android/build-cache/c5aeb9e01246e9f7fb64d0d5293ae6799d062d8d/output/res/values-en-rGB/values-en-rGB.xml",
                    "position": {
                        "startLine": 4,
                        "startColumn": 4,
                        "startOffset": 267,
                        "endColumn": 122,
                        "endOffset": 385
                    }
                }
            },
            {
                "to": {
                    "startLine": 5,
                    "startColumn": 4,
                    "startOffset": 440,
                    "endColumn": 99,
                    "endOffset": 535
                },
                "from": {
                    "file": "/Users/14leec1/.android/build-cache/c5aeb9e01246e9f7fb64d0d5293ae6799d062d8d/output/res/values-en-rGB/values-en-rGB.xml",
                    "position": {
                        "startLine": 5,
                        "startColumn": 4,
                        "startOffset": 390,
                        "endColumn": 99,
                        "endOffset": 485
                    }
                }
            },
            {
                "to": {
                    "startLine": 6,
                    "startColumn": 4,
                    "startOffset": 540,
                    "endColumn": 107,
                    "endOffset": 643
                },
                "from": {
                    "file": "/Users/14leec1/.android/build-cache/c5aeb9e01246e9f7fb64d0d5293ae6799d062d8d/output/res/values-en-rGB/values-en-rGB.xml",
                    "position": {
                        "startLine": 6,
                        "startColumn": 4,
                        "startOffset": 490,
                        "endColumn": 107,
                        "endOffset": 593
                    }
                }
            },
            {
                "to": {
                    "startLine": 7,
                    "startColumn": 4,
                    "startOffset": 648,
                    "endColumn": 83,
                    "endOffset": 727
                },
                "from": {
                    "file": "/Users/14leec1/.android/build-cache/c5aeb9e01246e9f7fb64d0d5293ae6799d062d8d/output/res/values-en-rGB/values-en-rGB.xml",
                    "position": {
                        "startLine": 7,
                        "startColumn": 4,
                        "startOffset": 598,
                        "endColumn": 83,
                        "endOffset": 677
                    }
                }
            },
            {
                "to": {
                    "startLine": 8,
                    "startColumn": 4,
                    "startOffset": 732,
                    "endColumn": 99,
                    "endOffset": 827
                },
                "from": {
                    "file": "/Users/14leec1/.android/build-cache/c5aeb9e01246e9f7fb64d0d5293ae6799d062d8d/output/res/values-en-rGB/values-en-rGB.xml",
                    "position": {
                        "startLine": 8,
                        "startColumn": 4,
                        "startOffset": 682,
                        "endColumn": 99,
                        "endOffset": 777
                    }
                }
            },
            {
                "to": {
                    "startLine": 9,
                    "startColumn": 4,
                    "startOffset": 832,
                    "endColumn": 114,
                    "endOffset": 942
                },
                "from": {
                    "file": "/Users/14leec1/.android/build-cache/c5aeb9e01246e9f7fb64d0d5293ae6799d062d8d/output/res/values-en-rGB/values-en-rGB.xml",
                    "position": {
                        "startLine": 9,
                        "startColumn": 4,
                        "startOffset": 782,
                        "endColumn": 114,
                        "endOffset": 892
                    }
                }
            },
            {
                "to": {
                    "startLine": 10,
                    "startColumn": 4,
                    "startOffset": 947,
                    "endColumn": 76,
                    "endOffset": 1019
                },
                "from": {
                    "file": "/Users/14leec1/.android/build-cache/c5aeb9e01246e9f7fb64d0d5293ae6799d062d8d/output/res/values-en-rGB/values-en-rGB.xml",
                    "position": {
                        "startLine": 10,
                        "startColumn": 4,
                        "startOffset": 897,
                        "endColumn": 76,
                        "endOffset": 969
                    }
                }
            },
            {
                "to": {
                    "startLine": 11,
                    "startColumn": 4,
                    "startOffset": 1024,
                    "endColumn": 75,
                    "endOffset": 1095
                },
                "from": {
                    "file": "/Users/14leec1/.android/build-cache/c5aeb9e01246e9f7fb64d0d5293ae6799d062d8d/output/res/values-en-rGB/values-en-rGB.xml",
                    "position": {
                        "startLine": 11,
                        "startColumn": 4,
                        "startOffset": 974,
                        "endColumn": 75,
                        "endOffset": 1045
                    }
                }
            },
            {
                "to": {
                    "startLine": 12,
                    "startColumn": 4,
                    "startOffset": 1100,
                    "endColumn": 81,
                    "endOffset": 1177
                },
                "from": {
                    "file": "/Users/14leec1/.android/build-cache/c5aeb9e01246e9f7fb64d0d5293ae6799d062d8d/output/res/values-en-rGB/values-en-rGB.xml",
                    "position": {
                        "startLine": 12,
                        "startColumn": 4,
                        "startOffset": 1050,
                        "endColumn": 81,
                        "endOffset": 1127
                    }
                }
            },
            {
                "to": {
                    "startLine": 13,
                    "startColumn": 4,
                    "startOffset": 1182,
                    "endColumn": 102,
                    "endOffset": 1280
                },
                "from": {
                    "file": "/Users/14leec1/.android/build-cache/c5aeb9e01246e9f7fb64d0d5293ae6799d062d8d/output/res/values-en-rGB/values-en-rGB.xml",
                    "position": {
                        "startLine": 13,
                        "startColumn": 4,
                        "startOffset": 1132,
                        "endColumn": 102,
                        "endOffset": 1230
                    }
                }
            },
            {
                "to": {
                    "startLine": 14,
                    "startColumn": 4,
                    "startOffset": 1285,
                    "endColumn": 103,
                    "endOffset": 1384
                },
                "from": {
                    "file": "/Users/14leec1/.android/build-cache/c5aeb9e01246e9f7fb64d0d5293ae6799d062d8d/output/res/values-en-rGB/values-en-rGB.xml",
                    "position": {
                        "startLine": 14,
                        "startColumn": 4,
                        "startOffset": 1235,
                        "endColumn": 103,
                        "endOffset": 1334
                    }
                }
            },
            {
                "to": {
                    "startLine": 15,
                    "startColumn": 4,
                    "startOffset": 1389,
                    "endColumn": 98,
                    "endOffset": 1483
                },
                "from": {
                    "file": "/Users/14leec1/.android/build-cache/c5aeb9e01246e9f7fb64d0d5293ae6799d062d8d/output/res/values-en-rGB/values-en-rGB.xml",
                    "position": {
                        "startLine": 15,
                        "startColumn": 4,
                        "startOffset": 1339,
                        "endColumn": 98,
                        "endOffset": 1433
                    }
                }
            },
            {
                "to": {
                    "startLine": 16,
                    "startColumn": 4,
                    "startOffset": 1488,
                    "endColumn": 104,
                    "endOffset": 1588
                },
                "from": {
                    "file": "/Users/14leec1/.android/build-cache/c5aeb9e01246e9f7fb64d0d5293ae6799d062d8d/output/res/values-en-rGB/values-en-rGB.xml",
                    "position": {
                        "startLine": 16,
                        "startColumn": 4,
                        "startOffset": 1438,
                        "endColumn": 104,
                        "endOffset": 1538
                    }
                }
            },
            {
                "to": {
                    "startLine": 17,
                    "startColumn": 4,
                    "startOffset": 1593,
                    "endColumn": 102,
                    "endOffset": 1691
                },
                "from": {
                    "file": "/Users/14leec1/.android/build-cache/c5aeb9e01246e9f7fb64d0d5293ae6799d062d8d/output/res/values-en-rGB/values-en-rGB.xml",
                    "position": {
                        "startLine": 17,
                        "startColumn": 4,
                        "startOffset": 1543,
                        "endColumn": 102,
                        "endOffset": 1641
                    }
                }
            },
            {
                "to": {
                    "startLine": 18,
                    "startColumn": 4,
                    "startOffset": 1696,
                    "endColumn": 103,
                    "endOffset": 1795
                },
                "from": {
                    "file": "/Users/14leec1/.android/build-cache/c5aeb9e01246e9f7fb64d0d5293ae6799d062d8d/output/res/values-en-rGB/values-en-rGB.xml",
                    "position": {
                        "startLine": 18,
                        "startColumn": 4,
                        "startOffset": 1646,
                        "endColumn": 103,
                        "endOffset": 1745
                    }
                }
            },
            {
                "to": {
                    "startLine": 19,
                    "startColumn": 4,
                    "startOffset": 1800,
                    "endColumn": 118,
                    "endOffset": 1914
                },
                "from": {
                    "file": "/Users/14leec1/.android/build-cache/c5aeb9e01246e9f7fb64d0d5293ae6799d062d8d/output/res/values-en-rGB/values-en-rGB.xml",
                    "position": {
                        "startLine": 19,
                        "startColumn": 4,
                        "startOffset": 1750,
                        "endColumn": 118,
                        "endOffset": 1864
                    }
                }
            },
            {
                "to": {
                    "startLine": 20,
                    "startColumn": 4,
                    "startOffset": 1919,
                    "endColumn": 99,
                    "endOffset": 2014
                },
                "from": {
                    "file": "/Users/14leec1/.android/build-cache/c5aeb9e01246e9f7fb64d0d5293ae6799d062d8d/output/res/values-en-rGB/values-en-rGB.xml",
                    "position": {
                        "startLine": 20,
                        "startColumn": 4,
                        "startOffset": 1869,
                        "endColumn": 99,
                        "endOffset": 1964
                    }
                }
            },
            {
                "to": {
                    "startLine": 21,
                    "startColumn": 4,
                    "startOffset": 2019,
                    "endColumn": 196,
                    "endOffset": 2211
                },
                "from": {
                    "file": "/Users/14leec1/.android/build-cache/ff4967dcef41267c999da54fcc7c7f9e60142282/output/res/values-en-rGB/values.xml",
                    "position": {
                        "startLine": 4,
                        "startColumn": 0,
                        "startOffset": 289,
                        "endColumn": 196,
                        "endOffset": 485
                    }
                }
            },
            {
                "to": {
                    "startLine": 22,
                    "startColumn": 4,
                    "startOffset": 2216,
                    "endColumn": 81,
                    "endOffset": 2293
                },
                "from": {
                    "file": "/Users/14leec1/.android/build-cache/c5aeb9e01246e9f7fb64d0d5293ae6799d062d8d/output/res/values-en-rGB/values-en-rGB.xml",
                    "position": {
                        "startLine": 21,
                        "startColumn": 4,
                        "startOffset": 1969,
                        "endColumn": 81,
                        "endOffset": 2046
                    }
                }
            },
            {
                "to": {
                    "startLine": 23,
                    "startColumn": 4,
                    "startOffset": 2298,
                    "endColumn": 100,
                    "endOffset": 2394
                },
                "from": {
                    "file": "/Users/14leec1/.android/build-cache/c5aeb9e01246e9f7fb64d0d5293ae6799d062d8d/output/res/values-en-rGB/values-en-rGB.xml",
                    "position": {
                        "startLine": 22,
                        "startColumn": 4,
                        "startOffset": 2051,
                        "endColumn": 100,
                        "endOffset": 2147
                    }
                }
            }
        ]
    }
]