[
    {
        "outputFile": "/Users/14leec1/AndroidStudioProjects/AppUsageStats/app/build/intermediates/incremental/mergeReleaseResources/merged.dir/values-sk/values-sk.xml",
        "map": [
            {
                "to": {
                    "startLine": 2,
                    "startColumn": 4,
                    "startOffset": 105,
                    "endColumn": 106,
                    "endOffset": 207
                },
                "from": {
                    "file": "/Users/14leec1/.android/build-cache/c5aeb9e01246e9f7fb64d0d5293ae6799d062d8d/output/res/values-sk/values-sk.xml",
                    "position": {
                        "startLine": 2,
                        "startColumn": 4,
                        "startOffset": 55,
                        "endColumn": 106,
                        "endOffset": 157
                    }
                }
            },
            {
                "to": {
                    "startLine": 3,
                    "startColumn": 4,
                    "startOffset": 212,
                    "endColumn": 107,
                    "endOffset": 315
                },
                "from": {
                    "file": "/Users/14leec1/.android/build-cache/c5aeb9e01246e9f7fb64d0d5293ae6799d062d8d/output/res/values-sk/values-sk.xml",
                    "position": {
                        "startLine": 3,
                        "startColumn": 4,
                        "startOffset": 162,
                        "endColumn": 107,
                        "endOffset": 265
                    }
                }
            },
            {
                "to": {
                    "startLine": 4,
                    "startColumn": 4,
                    "startOffset": 320,
                    "endColumn": 122,
                    "endOffset": 438
                },
                "from": {
                    "file": "/Users/14leec1/.android/build-cache/c5aeb9e01246e9f7fb64d0d5293ae6799d062d8d/output/res/values-sk/values-sk.xml",
                    "position": {
                        "startLine": 4,
                        "startColumn": 4,
                        "startOffset": 270,
                        "endColumn": 122,
                        "endOffset": 388
                    }
                }
            },
            {
                "to": {
                    "startLine": 5,
                    "startColumn": 4,
                    "startOffset": 443,
                    "endColumn": 99,
                    "endOffset": 538
                },
                "from": {
                    "file": "/Users/14leec1/.android/build-cache/c5aeb9e01246e9f7fb64d0d5293ae6799d062d8d/output/res/values-sk/values-sk.xml",
                    "position": {
                        "startLine": 5,
                        "startColumn": 4,
                        "startOffset": 393,
                        "endColumn": 99,
                        "endOffset": 488
                    }
                }
            },
            {
                "to": {
                    "startLine": 6,
                    "startColumn": 4,
                    "startOffset": 543,
                    "endColumn": 110,
                    "endOffset": 649
                },
                "from": {
                    "file": "/Users/14leec1/.android/build-cache/c5aeb9e01246e9f7fb64d0d5293ae6799d062d8d/output/res/values-sk/values-sk.xml",
                    "position": {
                        "startLine": 6,
                        "startColumn": 4,
                        "startOffset": 493,
                        "endColumn": 110,
                        "endOffset": 599
                    }
                }
            },
            {
                "to": {
                    "startLine": 7,
                    "startColumn": 4,
                    "startOffset": 654,
                    "endColumn": 85,
                    "endOffset": 735
                },
                "from": {
                    "file": "/Users/14leec1/.android/build-cache/c5aeb9e01246e9f7fb64d0d5293ae6799d062d8d/output/res/values-sk/values-sk.xml",
                    "position": {
                        "startLine": 7,
                        "startColumn": 4,
                        "startOffset": 604,
                        "endColumn": 85,
                        "endOffset": 685
                    }
                }
            },
            {
                "to": {
                    "startLine": 8,
                    "startColumn": 4,
                    "startOffset": 740,
                    "endColumn": 107,
                    "endOffset": 843
                },
                "from": {
                    "file": "/Users/14leec1/.android/build-cache/c5aeb9e01246e9f7fb64d0d5293ae6799d062d8d/output/res/values-sk/values-sk.xml",
                    "position": {
                        "startLine": 8,
                        "startColumn": 4,
                        "startOffset": 690,
                        "endColumn": 107,
                        "endOffset": 793
                    }
                }
            },
            {
                "to": {
                    "startLine": 9,
                    "startColumn": 4,
                    "startOffset": 848,
                    "endColumn": 117,
                    "endOffset": 961
                },
                "from": {
                    "file": "/Users/14leec1/.android/build-cache/c5aeb9e01246e9f7fb64d0d5293ae6799d062d8d/output/res/values-sk/values-sk.xml",
                    "position": {
                        "startLine": 9,
                        "startColumn": 4,
                        "startOffset": 798,
                        "endColumn": 117,
                        "endOffset": 911
                    }
                }
            },
            {
                "to": {
                    "startLine": 10,
                    "startColumn": 4,
                    "startOffset": 966,
                    "endColumn": 77,
                    "endOffset": 1039
                },
                "from": {
                    "file": "/Users/14leec1/.android/build-cache/c5aeb9e01246e9f7fb64d0d5293ae6799d062d8d/output/res/values-sk/values-sk.xml",
                    "position": {
                        "startLine": 10,
                        "startColumn": 4,
                        "startOffset": 916,
                        "endColumn": 77,
                        "endOffset": 989
                    }
                }
            },
            {
                "to": {
                    "startLine": 11,
                    "startColumn": 4,
                    "startOffset": 1044,
                    "endColumn": 77,
                    "endOffset": 1117
                },
                "from": {
                    "file": "/Users/14leec1/.android/build-cache/c5aeb9e01246e9f7fb64d0d5293ae6799d062d8d/output/res/values-sk/values-sk.xml",
                    "position": {
                        "startLine": 11,
                        "startColumn": 4,
                        "startOffset": 994,
                        "endColumn": 77,
                        "endOffset": 1067
                    }
                }
            },
            {
                "to": {
                    "startLine": 12,
                    "startColumn": 4,
                    "startOffset": 1122,
                    "endColumn": 83,
                    "endOffset": 1201
                },
                "from": {
                    "file": "/Users/14leec1/.android/build-cache/c5aeb9e01246e9f7fb64d0d5293ae6799d062d8d/output/res/values-sk/values-sk.xml",
                    "position": {
                        "startLine": 12,
                        "startColumn": 4,
                        "startOffset": 1072,
                        "endColumn": 83,
                        "endOffset": 1151
                    }
                }
            },
            {
                "to": {
                    "startLine": 13,
                    "startColumn": 4,
                    "startOffset": 1206,
                    "endColumn": 104,
                    "endOffset": 1306
                },
                "from": {
                    "file": "/Users/14leec1/.android/build-cache/c5aeb9e01246e9f7fb64d0d5293ae6799d062d8d/output/res/values-sk/values-sk.xml",
                    "position": {
                        "startLine": 13,
                        "startColumn": 4,
                        "startOffset": 1156,
                        "endColumn": 104,
                        "endOffset": 1256
                    }
                }
            },
            {
                "to": {
                    "startLine": 14,
                    "startColumn": 4,
                    "startOffset": 1311,
                    "endColumn": 108,
                    "endOffset": 1415
                },
                "from": {
                    "file": "/Users/14leec1/.android/build-cache/c5aeb9e01246e9f7fb64d0d5293ae6799d062d8d/output/res/values-sk/values-sk.xml",
                    "position": {
                        "startLine": 14,
                        "startColumn": 4,
                        "startOffset": 1261,
                        "endColumn": 108,
                        "endOffset": 1365
                    }
                }
            },
            {
                "to": {
                    "startLine": 15,
                    "startColumn": 4,
                    "startOffset": 1420,
                    "endColumn": 98,
                    "endOffset": 1514
                },
                "from": {
                    "file": "/Users/14leec1/.android/build-cache/c5aeb9e01246e9f7fb64d0d5293ae6799d062d8d/output/res/values-sk/values-sk.xml",
                    "position": {
                        "startLine": 15,
                        "startColumn": 4,
                        "startOffset": 1370,
                        "endColumn": 98,
                        "endOffset": 1464
                    }
                }
            },
            {
                "to": {
                    "startLine": 16,
                    "startColumn": 4,
                    "startOffset": 1519,
                    "endColumn": 105,
                    "endOffset": 1620
                },
                "from": {
                    "file": "/Users/14leec1/.android/build-cache/c5aeb9e01246e9f7fb64d0d5293ae6799d062d8d/output/res/values-sk/values-sk.xml",
                    "position": {
                        "startLine": 16,
                        "startColumn": 4,
                        "startOffset": 1469,
                        "endColumn": 105,
                        "endOffset": 1570
                    }
                }
            },
            {
                "to": {
                    "startLine": 17,
                    "startColumn": 4,
                    "startOffset": 1625,
                    "endColumn": 110,
                    "endOffset": 1731
                },
                "from": {
                    "file": "/Users/14leec1/.android/build-cache/c5aeb9e01246e9f7fb64d0d5293ae6799d062d8d/output/res/values-sk/values-sk.xml",
                    "position": {
                        "startLine": 17,
                        "startColumn": 4,
                        "startOffset": 1575,
                        "endColumn": 110,
                        "endOffset": 1681
                    }
                }
            },
            {
                "to": {
                    "startLine": 18,
                    "startColumn": 4,
                    "startOffset": 1736,
                    "endColumn": 108,
                    "endOffset": 1840
                },
                "from": {
                    "file": "/Users/14leec1/.android/build-cache/c5aeb9e01246e9f7fb64d0d5293ae6799d062d8d/output/res/values-sk/values-sk.xml",
                    "position": {
                        "startLine": 18,
                        "startColumn": 4,
                        "startOffset": 1686,
                        "endColumn": 108,
                        "endOffset": 1790
                    }
                }
            },
            {
                "to": {
                    "startLine": 19,
                    "startColumn": 4,
                    "startOffset": 1845,
                    "endColumn": 123,
                    "endOffset": 1964
                },
                "from": {
                    "file": "/Users/14leec1/.android/build-cache/c5aeb9e01246e9f7fb64d0d5293ae6799d062d8d/output/res/values-sk/values-sk.xml",
                    "position": {
                        "startLine": 19,
                        "startColumn": 4,
                        "startOffset": 1795,
                        "endColumn": 123,
                        "endOffset": 1914
                    }
                }
            },
            {
                "to": {
                    "startLine": 20,
                    "startColumn": 4,
                    "startOffset": 1969,
                    "endColumn": 97,
                    "endOffset": 2062
                },
                "from": {
                    "file": "/Users/14leec1/.android/build-cache/c5aeb9e01246e9f7fb64d0d5293ae6799d062d8d/output/res/values-sk/values-sk.xml",
                    "position": {
                        "startLine": 20,
                        "startColumn": 4,
                        "startOffset": 1919,
                        "endColumn": 97,
                        "endOffset": 2012
                    }
                }
            },
            {
                "to": {
                    "startLine": 21,
                    "startColumn": 4,
                    "startOffset": 2067,
                    "endColumn": 197,
                    "endOffset": 2260
                },
                "from": {
                    "file": "/Users/14leec1/.android/build-cache/ff4967dcef41267c999da54fcc7c7f9e60142282/output/res/values-sk/values.xml",
                    "position": {
                        "startLine": 4,
                        "startColumn": 0,
                        "startOffset": 285,
                        "endColumn": 197,
                        "endOffset": 482
                    }
                }
            },
            {
                "to": {
                    "startLine": 22,
                    "startColumn": 4,
                    "startOffset": 2265,
                    "endColumn": 87,
                    "endOffset": 2348
                },
                "from": {
                    "file": "/Users/14leec1/.android/build-cache/c5aeb9e01246e9f7fb64d0d5293ae6799d062d8d/output/res/values-sk/values-sk.xml",
                    "position": {
                        "startLine": 21,
                        "startColumn": 4,
                        "startOffset": 2017,
                        "endColumn": 87,
                        "endOffset": 2100
                    }
                }
            },
            {
                "to": {
                    "startLine": 23,
                    "startColumn": 4,
                    "startOffset": 2353,
                    "endColumn": 100,
                    "endOffset": 2449
                },
                "from": {
                    "file": "/Users/14leec1/.android/build-cache/c5aeb9e01246e9f7fb64d0d5293ae6799d062d8d/output/res/values-sk/values-sk.xml",
                    "position": {
                        "startLine": 22,
                        "startColumn": 4,
                        "startOffset": 2105,
                        "endColumn": 100,
                        "endOffset": 2201
                    }
                }
            }
        ]
    }
]