[
    {
        "outputFile": "/Users/14leec1/AndroidStudioProjects/AppUsageStats/app/build/intermediates/incremental/mergeReleaseResources/merged.dir/values-lv/values-lv.xml",
        "map": [
            {
                "to": {
                    "startLine": 2,
                    "startColumn": 4,
                    "startOffset": 105,
                    "endColumn": 119,
                    "endOffset": 220
                },
                "from": {
                    "file": "/Users/14leec1/.android/build-cache/c5aeb9e01246e9f7fb64d0d5293ae6799d062d8d/output/res/values-lv/values-lv.xml",
                    "position": {
                        "startLine": 2,
                        "startColumn": 4,
                        "startOffset": 55,
                        "endColumn": 119,
                        "endOffset": 170
                    }
                }
            },
            {
                "to": {
                    "startLine": 3,
                    "startColumn": 4,
                    "startOffset": 225,
                    "endColumn": 107,
                    "endOffset": 328
                },
                "from": {
                    "file": "/Users/14leec1/.android/build-cache/c5aeb9e01246e9f7fb64d0d5293ae6799d062d8d/output/res/values-lv/values-lv.xml",
                    "position": {
                        "startLine": 3,
                        "startColumn": 4,
                        "startOffset": 175,
                        "endColumn": 107,
                        "endOffset": 278
                    }
                }
            },
            {
                "to": {
                    "startLine": 4,
                    "startColumn": 4,
                    "startOffset": 333,
                    "endColumn": 122,
                    "endOffset": 451
                },
                "from": {
                    "file": "/Users/14leec1/.android/build-cache/c5aeb9e01246e9f7fb64d0d5293ae6799d062d8d/output/res/values-lv/values-lv.xml",
                    "position": {
                        "startLine": 4,
                        "startColumn": 4,
                        "startOffset": 283,
                        "endColumn": 122,
                        "endOffset": 401
                    }
                }
            },
            {
                "to": {
                    "startLine": 5,
                    "startColumn": 4,
                    "startOffset": 456,
                    "endColumn": 107,
                    "endOffset": 559
                },
                "from": {
                    "file": "/Users/14leec1/.android/build-cache/c5aeb9e01246e9f7fb64d0d5293ae6799d062d8d/output/res/values-lv/values-lv.xml",
                    "position": {
                        "startLine": 5,
                        "startColumn": 4,
                        "startOffset": 406,
                        "endColumn": 107,
                        "endOffset": 509
                    }
                }
            },
            {
                "to": {
                    "startLine": 6,
                    "startColumn": 4,
                    "startOffset": 564,
                    "endColumn": 108,
                    "endOffset": 668
                },
                "from": {
                    "file": "/Users/14leec1/.android/build-cache/c5aeb9e01246e9f7fb64d0d5293ae6799d062d8d/output/res/values-lv/values-lv.xml",
                    "position": {
                        "startLine": 6,
                        "startColumn": 4,
                        "startOffset": 514,
                        "endColumn": 108,
                        "endOffset": 618
                    }
                }
            },
            {
                "to": {
                    "startLine": 7,
                    "startColumn": 4,
                    "startOffset": 673,
                    "endColumn": 85,
                    "endOffset": 754
                },
                "from": {
                    "file": "/Users/14leec1/.android/build-cache/c5aeb9e01246e9f7fb64d0d5293ae6799d062d8d/output/res/values-lv/values-lv.xml",
                    "position": {
                        "startLine": 7,
                        "startColumn": 4,
                        "startOffset": 623,
                        "endColumn": 85,
                        "endOffset": 704
                    }
                }
            },
            {
                "to": {
                    "startLine": 8,
                    "startColumn": 4,
                    "startOffset": 759,
                    "endColumn": 103,
                    "endOffset": 858
                },
                "from": {
                    "file": "/Users/14leec1/.android/build-cache/c5aeb9e01246e9f7fb64d0d5293ae6799d062d8d/output/res/values-lv/values-lv.xml",
                    "position": {
                        "startLine": 8,
                        "startColumn": 4,
                        "startOffset": 709,
                        "endColumn": 103,
                        "endOffset": 808
                    }
                }
            },
            {
                "to": {
                    "startLine": 9,
                    "startColumn": 4,
                    "startOffset": 863,
                    "endColumn": 121,
                    "endOffset": 980
                },
                "from": {
                    "file": "/Users/14leec1/.android/build-cache/c5aeb9e01246e9f7fb64d0d5293ae6799d062d8d/output/res/values-lv/values-lv.xml",
                    "position": {
                        "startLine": 9,
                        "startColumn": 4,
                        "startOffset": 813,
                        "endColumn": 121,
                        "endOffset": 930
                    }
                }
            },
            {
                "to": {
                    "startLine": 10,
                    "startColumn": 4,
                    "startOffset": 985,
                    "endColumn": 81,
                    "endOffset": 1062
                },
                "from": {
                    "file": "/Users/14leec1/.android/build-cache/c5aeb9e01246e9f7fb64d0d5293ae6799d062d8d/output/res/values-lv/values-lv.xml",
                    "position": {
                        "startLine": 10,
                        "startColumn": 4,
                        "startOffset": 935,
                        "endColumn": 81,
                        "endOffset": 1012
                    }
                }
            },
            {
                "to": {
                    "startLine": 11,
                    "startColumn": 4,
                    "startOffset": 1067,
                    "endColumn": 81,
                    "endOffset": 1144
                },
                "from": {
                    "file": "/Users/14leec1/.android/build-cache/c5aeb9e01246e9f7fb64d0d5293ae6799d062d8d/output/res/values-lv/values-lv.xml",
                    "position": {
                        "startLine": 11,
                        "startColumn": 4,
                        "startOffset": 1017,
                        "endColumn": 81,
                        "endOffset": 1094
                    }
                }
            },
            {
                "to": {
                    "startLine": 12,
                    "startColumn": 4,
                    "startOffset": 1149,
                    "endColumn": 84,
                    "endOffset": 1229
                },
                "from": {
                    "file": "/Users/14leec1/.android/build-cache/c5aeb9e01246e9f7fb64d0d5293ae6799d062d8d/output/res/values-lv/values-lv.xml",
                    "position": {
                        "startLine": 12,
                        "startColumn": 4,
                        "startOffset": 1099,
                        "endColumn": 84,
                        "endOffset": 1179
                    }
                }
            },
            {
                "to": {
                    "startLine": 13,
                    "startColumn": 4,
                    "startOffset": 1234,
                    "endColumn": 108,
                    "endOffset": 1338
                },
                "from": {
                    "file": "/Users/14leec1/.android/build-cache/c5aeb9e01246e9f7fb64d0d5293ae6799d062d8d/output/res/values-lv/values-lv.xml",
                    "position": {
                        "startLine": 13,
                        "startColumn": 4,
                        "startOffset": 1184,
                        "endColumn": 108,
                        "endOffset": 1288
                    }
                }
            },
            {
                "to": {
                    "startLine": 14,
                    "startColumn": 4,
                    "startOffset": 1343,
                    "endColumn": 111,
                    "endOffset": 1450
                },
                "from": {
                    "file": "/Users/14leec1/.android/build-cache/c5aeb9e01246e9f7fb64d0d5293ae6799d062d8d/output/res/values-lv/values-lv.xml",
                    "position": {
                        "startLine": 14,
                        "startColumn": 4,
                        "startOffset": 1293,
                        "endColumn": 111,
                        "endOffset": 1400
                    }
                }
            },
            {
                "to": {
                    "startLine": 15,
                    "startColumn": 4,
                    "startOffset": 1455,
                    "endColumn": 98,
                    "endOffset": 1549
                },
                "from": {
                    "file": "/Users/14leec1/.android/build-cache/c5aeb9e01246e9f7fb64d0d5293ae6799d062d8d/output/res/values-lv/values-lv.xml",
                    "position": {
                        "startLine": 15,
                        "startColumn": 4,
                        "startOffset": 1405,
                        "endColumn": 98,
                        "endOffset": 1499
                    }
                }
            },
            {
                "to": {
                    "startLine": 16,
                    "startColumn": 4,
                    "startOffset": 1554,
                    "endColumn": 110,
                    "endOffset": 1660
                },
                "from": {
                    "file": "/Users/14leec1/.android/build-cache/c5aeb9e01246e9f7fb64d0d5293ae6799d062d8d/output/res/values-lv/values-lv.xml",
                    "position": {
                        "startLine": 16,
                        "startColumn": 4,
                        "startOffset": 1504,
                        "endColumn": 110,
                        "endOffset": 1610
                    }
                }
            },
            {
                "to": {
                    "startLine": 17,
                    "startColumn": 4,
                    "startOffset": 1665,
                    "endColumn": 108,
                    "endOffset": 1769
                },
                "from": {
                    "file": "/Users/14leec1/.android/build-cache/c5aeb9e01246e9f7fb64d0d5293ae6799d062d8d/output/res/values-lv/values-lv.xml",
                    "position": {
                        "startLine": 17,
                        "startColumn": 4,
                        "startOffset": 1615,
                        "endColumn": 108,
                        "endOffset": 1719
                    }
                }
            },
            {
                "to": {
                    "startLine": 18,
                    "startColumn": 4,
                    "startOffset": 1774,
                    "endColumn": 104,
                    "endOffset": 1874
                },
                "from": {
                    "file": "/Users/14leec1/.android/build-cache/c5aeb9e01246e9f7fb64d0d5293ae6799d062d8d/output/res/values-lv/values-lv.xml",
                    "position": {
                        "startLine": 18,
                        "startColumn": 4,
                        "startOffset": 1724,
                        "endColumn": 104,
                        "endOffset": 1824
                    }
                }
            },
            {
                "to": {
                    "startLine": 19,
                    "startColumn": 4,
                    "startOffset": 1879,
                    "endColumn": 118,
                    "endOffset": 1993
                },
                "from": {
                    "file": "/Users/14leec1/.android/build-cache/c5aeb9e01246e9f7fb64d0d5293ae6799d062d8d/output/res/values-lv/values-lv.xml",
                    "position": {
                        "startLine": 19,
                        "startColumn": 4,
                        "startOffset": 1829,
                        "endColumn": 118,
                        "endOffset": 1943
                    }
                }
            },
            {
                "to": {
                    "startLine": 20,
                    "startColumn": 4,
                    "startOffset": 1998,
                    "endColumn": 98,
                    "endOffset": 2092
                },
                "from": {
                    "file": "/Users/14leec1/.android/build-cache/c5aeb9e01246e9f7fb64d0d5293ae6799d062d8d/output/res/values-lv/values-lv.xml",
                    "position": {
                        "startLine": 20,
                        "startColumn": 4,
                        "startOffset": 1948,
                        "endColumn": 98,
                        "endOffset": 2042
                    }
                }
            },
            {
                "to": {
                    "startLine": 21,
                    "startColumn": 4,
                    "startOffset": 2097,
                    "endColumn": 224,
                    "endOffset": 2317
                },
                "from": {
                    "file": "/Users/14leec1/.android/build-cache/ff4967dcef41267c999da54fcc7c7f9e60142282/output/res/values-lv/values.xml",
                    "position": {
                        "startLine": 4,
                        "startColumn": 0,
                        "startOffset": 285,
                        "endColumn": 224,
                        "endOffset": 509
                    }
                }
            },
            {
                "to": {
                    "startLine": 22,
                    "startColumn": 4,
                    "startOffset": 2322,
                    "endColumn": 81,
                    "endOffset": 2399
                },
                "from": {
                    "file": "/Users/14leec1/.android/build-cache/c5aeb9e01246e9f7fb64d0d5293ae6799d062d8d/output/res/values-lv/values-lv.xml",
                    "position": {
                        "startLine": 21,
                        "startColumn": 4,
                        "startOffset": 2047,
                        "endColumn": 81,
                        "endOffset": 2124
                    }
                }
            },
            {
                "to": {
                    "startLine": 23,
                    "startColumn": 4,
                    "startOffset": 2404,
                    "endColumn": 100,
                    "endOffset": 2500
                },
                "from": {
                    "file": "/Users/14leec1/.android/build-cache/c5aeb9e01246e9f7fb64d0d5293ae6799d062d8d/output/res/values-lv/values-lv.xml",
                    "position": {
                        "startLine": 22,
                        "startColumn": 4,
                        "startOffset": 2129,
                        "endColumn": 100,
                        "endOffset": 2225
                    }
                }
            }
        ]
    }
]