[
    {
        "outputFile": "/Users/14leec1/AndroidStudioProjects/AppUsageStats/app/build/intermediates/incremental/mergeReleaseResources/merged.dir/values-ar/values-ar.xml",
        "map": [
            {
                "to": {
                    "startLine": 2,
                    "startColumn": 4,
                    "startOffset": 105,
                    "endColumn": 116,
                    "endOffset": 217
                },
                "from": {
                    "file": "/Users/14leec1/.android/build-cache/c5aeb9e01246e9f7fb64d0d5293ae6799d062d8d/output/res/values-ar/values-ar.xml",
                    "position": {
                        "startLine": 2,
                        "startColumn": 4,
                        "startOffset": 55,
                        "endColumn": 116,
                        "endOffset": 167
                    }
                }
            },
            {
                "to": {
                    "startLine": 3,
                    "startColumn": 4,
                    "startOffset": 222,
                    "endColumn": 107,
                    "endOffset": 325
                },
                "from": {
                    "file": "/Users/14leec1/.android/build-cache/c5aeb9e01246e9f7fb64d0d5293ae6799d062d8d/output/res/values-ar/values-ar.xml",
                    "position": {
                        "startLine": 3,
                        "startColumn": 4,
                        "startOffset": 172,
                        "endColumn": 107,
                        "endOffset": 275
                    }
                }
            },
            {
                "to": {
                    "startLine": 4,
                    "startColumn": 4,
                    "startOffset": 330,
                    "endColumn": 122,
                    "endOffset": 448
                },
                "from": {
                    "file": "/Users/14leec1/.android/build-cache/c5aeb9e01246e9f7fb64d0d5293ae6799d062d8d/output/res/values-ar/values-ar.xml",
                    "position": {
                        "startLine": 4,
                        "startColumn": 4,
                        "startOffset": 280,
                        "endColumn": 122,
                        "endOffset": 398
                    }
                }
            },
            {
                "to": {
                    "startLine": 5,
                    "startColumn": 4,
                    "startOffset": 453,
                    "endColumn": 103,
                    "endOffset": 552
                },
                "from": {
                    "file": "/Users/14leec1/.android/build-cache/c5aeb9e01246e9f7fb64d0d5293ae6799d062d8d/output/res/values-ar/values-ar.xml",
                    "position": {
                        "startLine": 5,
                        "startColumn": 4,
                        "startOffset": 403,
                        "endColumn": 103,
                        "endOffset": 502
                    }
                }
            },
            {
                "to": {
                    "startLine": 6,
                    "startColumn": 4,
                    "startOffset": 557,
                    "endColumn": 108,
                    "endOffset": 661
                },
                "from": {
                    "file": "/Users/14leec1/.android/build-cache/c5aeb9e01246e9f7fb64d0d5293ae6799d062d8d/output/res/values-ar/values-ar.xml",
                    "position": {
                        "startLine": 6,
                        "startColumn": 4,
                        "startOffset": 507,
                        "endColumn": 108,
                        "endOffset": 611
                    }
                }
            },
            {
                "to": {
                    "startLine": 7,
                    "startColumn": 4,
                    "startOffset": 666,
                    "endColumn": 81,
                    "endOffset": 743
                },
                "from": {
                    "file": "/Users/14leec1/.android/build-cache/c5aeb9e01246e9f7fb64d0d5293ae6799d062d8d/output/res/values-ar/values-ar.xml",
                    "position": {
                        "startLine": 7,
                        "startColumn": 4,
                        "startOffset": 616,
                        "endColumn": 81,
                        "endOffset": 693
                    }
                }
            },
            {
                "to": {
                    "startLine": 8,
                    "startColumn": 4,
                    "startOffset": 748,
                    "endColumn": 100,
                    "endOffset": 844
                },
                "from": {
                    "file": "/Users/14leec1/.android/build-cache/c5aeb9e01246e9f7fb64d0d5293ae6799d062d8d/output/res/values-ar/values-ar.xml",
                    "position": {
                        "startLine": 8,
                        "startColumn": 4,
                        "startOffset": 698,
                        "endColumn": 100,
                        "endOffset": 794
                    }
                }
            },
            {
                "to": {
                    "startLine": 9,
                    "startColumn": 4,
                    "startOffset": 849,
                    "endColumn": 113,
                    "endOffset": 958
                },
                "from": {
                    "file": "/Users/14leec1/.android/build-cache/c5aeb9e01246e9f7fb64d0d5293ae6799d062d8d/output/res/values-ar/values-ar.xml",
                    "position": {
                        "startLine": 9,
                        "startColumn": 4,
                        "startOffset": 799,
                        "endColumn": 113,
                        "endOffset": 908
                    }
                }
            },
            {
                "to": {
                    "startLine": 10,
                    "startColumn": 4,
                    "startOffset": 963,
                    "endColumn": 78,
                    "endOffset": 1037
                },
                "from": {
                    "file": "/Users/14leec1/.android/build-cache/c5aeb9e01246e9f7fb64d0d5293ae6799d062d8d/output/res/values-ar/values-ar.xml",
                    "position": {
                        "startLine": 10,
                        "startColumn": 4,
                        "startOffset": 913,
                        "endColumn": 78,
                        "endOffset": 987
                    }
                }
            },
            {
                "to": {
                    "startLine": 11,
                    "startColumn": 4,
                    "startOffset": 1042,
                    "endColumn": 78,
                    "endOffset": 1116
                },
                "from": {
                    "file": "/Users/14leec1/.android/build-cache/c5aeb9e01246e9f7fb64d0d5293ae6799d062d8d/output/res/values-ar/values-ar.xml",
                    "position": {
                        "startLine": 11,
                        "startColumn": 4,
                        "startOffset": 992,
                        "endColumn": 78,
                        "endOffset": 1066
                    }
                }
            },
            {
                "to": {
                    "startLine": 12,
                    "startColumn": 4,
                    "startOffset": 1121,
                    "endColumn": 78,
                    "endOffset": 1195
                },
                "from": {
                    "file": "/Users/14leec1/.android/build-cache/c5aeb9e01246e9f7fb64d0d5293ae6799d062d8d/output/res/values-ar/values-ar.xml",
                    "position": {
                        "startLine": 12,
                        "startColumn": 4,
                        "startOffset": 1071,
                        "endColumn": 78,
                        "endOffset": 1145
                    }
                }
            },
            {
                "to": {
                    "startLine": 13,
                    "startColumn": 4,
                    "startOffset": 1200,
                    "endColumn": 104,
                    "endOffset": 1300
                },
                "from": {
                    "file": "/Users/14leec1/.android/build-cache/c5aeb9e01246e9f7fb64d0d5293ae6799d062d8d/output/res/values-ar/values-ar.xml",
                    "position": {
                        "startLine": 13,
                        "startColumn": 4,
                        "startOffset": 1150,
                        "endColumn": 104,
                        "endOffset": 1250
                    }
                }
            },
            {
                "to": {
                    "startLine": 14,
                    "startColumn": 4,
                    "startOffset": 1305,
                    "endColumn": 100,
                    "endOffset": 1401
                },
                "from": {
                    "file": "/Users/14leec1/.android/build-cache/c5aeb9e01246e9f7fb64d0d5293ae6799d062d8d/output/res/values-ar/values-ar.xml",
                    "position": {
                        "startLine": 14,
                        "startColumn": 4,
                        "startOffset": 1255,
                        "endColumn": 100,
                        "endOffset": 1351
                    }
                }
            },
            {
                "to": {
                    "startLine": 15,
                    "startColumn": 4,
                    "startOffset": 1406,
                    "endColumn": 95,
                    "endOffset": 1497
                },
                "from": {
                    "file": "/Users/14leec1/.android/build-cache/c5aeb9e01246e9f7fb64d0d5293ae6799d062d8d/output/res/values-ar/values-ar.xml",
                    "position": {
                        "startLine": 15,
                        "startColumn": 4,
                        "startOffset": 1356,
                        "endColumn": 95,
                        "endOffset": 1447
                    }
                }
            },
            {
                "to": {
                    "startLine": 16,
                    "startColumn": 4,
                    "startOffset": 1502,
                    "endColumn": 107,
                    "endOffset": 1605
                },
                "from": {
                    "file": "/Users/14leec1/.android/build-cache/c5aeb9e01246e9f7fb64d0d5293ae6799d062d8d/output/res/values-ar/values-ar.xml",
                    "position": {
                        "startLine": 16,
                        "startColumn": 4,
                        "startOffset": 1452,
                        "endColumn": 107,
                        "endOffset": 1555
                    }
                }
            },
            {
                "to": {
                    "startLine": 17,
                    "startColumn": 4,
                    "startOffset": 1610,
                    "endColumn": 102,
                    "endOffset": 1708
                },
                "from": {
                    "file": "/Users/14leec1/.android/build-cache/c5aeb9e01246e9f7fb64d0d5293ae6799d062d8d/output/res/values-ar/values-ar.xml",
                    "position": {
                        "startLine": 17,
                        "startColumn": 4,
                        "startOffset": 1560,
                        "endColumn": 102,
                        "endOffset": 1658
                    }
                }
            },
            {
                "to": {
                    "startLine": 18,
                    "startColumn": 4,
                    "startOffset": 1713,
                    "endColumn": 102,
                    "endOffset": 1811
                },
                "from": {
                    "file": "/Users/14leec1/.android/build-cache/c5aeb9e01246e9f7fb64d0d5293ae6799d062d8d/output/res/values-ar/values-ar.xml",
                    "position": {
                        "startLine": 18,
                        "startColumn": 4,
                        "startOffset": 1663,
                        "endColumn": 102,
                        "endOffset": 1761
                    }
                }
            },
            {
                "to": {
                    "startLine": 19,
                    "startColumn": 4,
                    "startOffset": 1816,
                    "endColumn": 118,
                    "endOffset": 1930
                },
                "from": {
                    "file": "/Users/14leec1/.android/build-cache/c5aeb9e01246e9f7fb64d0d5293ae6799d062d8d/output/res/values-ar/values-ar.xml",
                    "position": {
                        "startLine": 19,
                        "startColumn": 4,
                        "startOffset": 1766,
                        "endColumn": 118,
                        "endOffset": 1880
                    }
                }
            },
            {
                "to": {
                    "startLine": 20,
                    "startColumn": 4,
                    "startOffset": 1935,
                    "endColumn": 96,
                    "endOffset": 2027
                },
                "from": {
                    "file": "/Users/14leec1/.android/build-cache/c5aeb9e01246e9f7fb64d0d5293ae6799d062d8d/output/res/values-ar/values-ar.xml",
                    "position": {
                        "startLine": 20,
                        "startColumn": 4,
                        "startOffset": 1885,
                        "endColumn": 96,
                        "endOffset": 1977
                    }
                }
            },
            {
                "to": {
                    "startLine": 21,
                    "startColumn": 4,
                    "startOffset": 2032,
                    "endColumn": 189,
                    "endOffset": 2217
                },
                "from": {
                    "file": "/Users/14leec1/.android/build-cache/ff4967dcef41267c999da54fcc7c7f9e60142282/output/res/values-ar/values.xml",
                    "position": {
                        "startLine": 4,
                        "startColumn": 0,
                        "startOffset": 285,
                        "endColumn": 189,
                        "endOffset": 474
                    }
                }
            },
            {
                "to": {
                    "startLine": 22,
                    "startColumn": 4,
                    "startOffset": 2222,
                    "endColumn": 80,
                    "endOffset": 2298
                },
                "from": {
                    "file": "/Users/14leec1/.android/build-cache/c5aeb9e01246e9f7fb64d0d5293ae6799d062d8d/output/res/values-ar/values-ar.xml",
                    "position": {
                        "startLine": 21,
                        "startColumn": 4,
                        "startOffset": 1982,
                        "endColumn": 80,
                        "endOffset": 2058
                    }
                }
            },
            {
                "to": {
                    "startLine": 23,
                    "startColumn": 4,
                    "startOffset": 2303,
                    "endColumn": 100,
                    "endOffset": 2399
                },
                "from": {
                    "file": "/Users/14leec1/.android/build-cache/c5aeb9e01246e9f7fb64d0d5293ae6799d062d8d/output/res/values-ar/values-ar.xml",
                    "position": {
                        "startLine": 22,
                        "startColumn": 4,
                        "startOffset": 2063,
                        "endColumn": 100,
                        "endOffset": 2159
                    }
                }
            }
        ]
    }
]