[
    {
        "outputFile": "/Users/14leec1/AndroidStudioProjects/AppUsageStats/app/build/intermediates/incremental/mergeReleaseResources/merged.dir/values-in/values-in.xml",
        "map": [
            {
                "to": {
                    "startLine": 2,
                    "startColumn": 4,
                    "startOffset": 105,
                    "endColumn": 109,
                    "endOffset": 210
                },
                "from": {
                    "file": "/Users/14leec1/.android/build-cache/c5aeb9e01246e9f7fb64d0d5293ae6799d062d8d/output/res/values-in/values-in.xml",
                    "position": {
                        "startLine": 2,
                        "startColumn": 4,
                        "startOffset": 55,
                        "endColumn": 109,
                        "endOffset": 160
                    }
                }
            },
            {
                "to": {
                    "startLine": 3,
                    "startColumn": 4,
                    "startOffset": 215,
                    "endColumn": 107,
                    "endOffset": 318
                },
                "from": {
                    "file": "/Users/14leec1/.android/build-cache/c5aeb9e01246e9f7fb64d0d5293ae6799d062d8d/output/res/values-in/values-in.xml",
                    "position": {
                        "startLine": 3,
                        "startColumn": 4,
                        "startOffset": 165,
                        "endColumn": 107,
                        "endOffset": 268
                    }
                }
            },
            {
                "to": {
                    "startLine": 4,
                    "startColumn": 4,
                    "startOffset": 323,
                    "endColumn": 122,
                    "endOffset": 441
                },
                "from": {
                    "file": "/Users/14leec1/.android/build-cache/c5aeb9e01246e9f7fb64d0d5293ae6799d062d8d/output/res/values-in/values-in.xml",
                    "position": {
                        "startLine": 4,
                        "startColumn": 4,
                        "startOffset": 273,
                        "endColumn": 122,
                        "endOffset": 391
                    }
                }
            },
            {
                "to": {
                    "startLine": 5,
                    "startColumn": 4,
                    "startOffset": 446,
                    "endColumn": 101,
                    "endOffset": 543
                },
                "from": {
                    "file": "/Users/14leec1/.android/build-cache/c5aeb9e01246e9f7fb64d0d5293ae6799d062d8d/output/res/values-in/values-in.xml",
                    "position": {
                        "startLine": 5,
                        "startColumn": 4,
                        "startOffset": 396,
                        "endColumn": 101,
                        "endOffset": 493
                    }
                }
            },
            {
                "to": {
                    "startLine": 6,
                    "startColumn": 4,
                    "startOffset": 548,
                    "endColumn": 104,
                    "endOffset": 648
                },
                "from": {
                    "file": "/Users/14leec1/.android/build-cache/c5aeb9e01246e9f7fb64d0d5293ae6799d062d8d/output/res/values-in/values-in.xml",
                    "position": {
                        "startLine": 6,
                        "startColumn": 4,
                        "startOffset": 498,
                        "endColumn": 104,
                        "endOffset": 598
                    }
                }
            },
            {
                "to": {
                    "startLine": 7,
                    "startColumn": 4,
                    "startOffset": 653,
                    "endColumn": 86,
                    "endOffset": 735
                },
                "from": {
                    "file": "/Users/14leec1/.android/build-cache/c5aeb9e01246e9f7fb64d0d5293ae6799d062d8d/output/res/values-in/values-in.xml",
                    "position": {
                        "startLine": 7,
                        "startColumn": 4,
                        "startOffset": 603,
                        "endColumn": 86,
                        "endOffset": 685
                    }
                }
            },
            {
                "to": {
                    "startLine": 8,
                    "startColumn": 4,
                    "startOffset": 740,
                    "endColumn": 103,
                    "endOffset": 839
                },
                "from": {
                    "file": "/Users/14leec1/.android/build-cache/c5aeb9e01246e9f7fb64d0d5293ae6799d062d8d/output/res/values-in/values-in.xml",
                    "position": {
                        "startLine": 8,
                        "startColumn": 4,
                        "startOffset": 690,
                        "endColumn": 103,
                        "endOffset": 789
                    }
                }
            },
            {
                "to": {
                    "startLine": 9,
                    "startColumn": 4,
                    "startOffset": 844,
                    "endColumn": 115,
                    "endOffset": 955
                },
                "from": {
                    "file": "/Users/14leec1/.android/build-cache/c5aeb9e01246e9f7fb64d0d5293ae6799d062d8d/output/res/values-in/values-in.xml",
                    "position": {
                        "startLine": 9,
                        "startColumn": 4,
                        "startOffset": 794,
                        "endColumn": 115,
                        "endOffset": 905
                    }
                }
            },
            {
                "to": {
                    "startLine": 10,
                    "startColumn": 4,
                    "startOffset": 960,
                    "endColumn": 81,
                    "endOffset": 1037
                },
                "from": {
                    "file": "/Users/14leec1/.android/build-cache/c5aeb9e01246e9f7fb64d0d5293ae6799d062d8d/output/res/values-in/values-in.xml",
                    "position": {
                        "startLine": 10,
                        "startColumn": 4,
                        "startOffset": 910,
                        "endColumn": 81,
                        "endOffset": 987
                    }
                }
            },
            {
                "to": {
                    "startLine": 11,
                    "startColumn": 4,
                    "startOffset": 1042,
                    "endColumn": 78,
                    "endOffset": 1116
                },
                "from": {
                    "file": "/Users/14leec1/.android/build-cache/c5aeb9e01246e9f7fb64d0d5293ae6799d062d8d/output/res/values-in/values-in.xml",
                    "position": {
                        "startLine": 11,
                        "startColumn": 4,
                        "startOffset": 992,
                        "endColumn": 78,
                        "endOffset": 1066
                    }
                }
            },
            {
                "to": {
                    "startLine": 12,
                    "startColumn": 4,
                    "startOffset": 1121,
                    "endColumn": 85,
                    "endOffset": 1202
                },
                "from": {
                    "file": "/Users/14leec1/.android/build-cache/c5aeb9e01246e9f7fb64d0d5293ae6799d062d8d/output/res/values-in/values-in.xml",
                    "position": {
                        "startLine": 12,
                        "startColumn": 4,
                        "startOffset": 1071,
                        "endColumn": 85,
                        "endOffset": 1152
                    }
                }
            },
            {
                "to": {
                    "startLine": 13,
                    "startColumn": 4,
                    "startOffset": 1207,
                    "endColumn": 102,
                    "endOffset": 1305
                },
                "from": {
                    "file": "/Users/14leec1/.android/build-cache/c5aeb9e01246e9f7fb64d0d5293ae6799d062d8d/output/res/values-in/values-in.xml",
                    "position": {
                        "startLine": 13,
                        "startColumn": 4,
                        "startOffset": 1157,
                        "endColumn": 102,
                        "endOffset": 1255
                    }
                }
            },
            {
                "to": {
                    "startLine": 14,
                    "startColumn": 4,
                    "startOffset": 1310,
                    "endColumn": 108,
                    "endOffset": 1414
                },
                "from": {
                    "file": "/Users/14leec1/.android/build-cache/c5aeb9e01246e9f7fb64d0d5293ae6799d062d8d/output/res/values-in/values-in.xml",
                    "position": {
                        "startLine": 14,
                        "startColumn": 4,
                        "startOffset": 1260,
                        "endColumn": 108,
                        "endOffset": 1364
                    }
                }
            },
            {
                "to": {
                    "startLine": 15,
                    "startColumn": 4,
                    "startOffset": 1419,
                    "endColumn": 100,
                    "endOffset": 1515
                },
                "from": {
                    "file": "/Users/14leec1/.android/build-cache/c5aeb9e01246e9f7fb64d0d5293ae6799d062d8d/output/res/values-in/values-in.xml",
                    "position": {
                        "startLine": 15,
                        "startColumn": 4,
                        "startOffset": 1369,
                        "endColumn": 100,
                        "endOffset": 1465
                    }
                }
            },
            {
                "to": {
                    "startLine": 16,
                    "startColumn": 4,
                    "startOffset": 1520,
                    "endColumn": 103,
                    "endOffset": 1619
                },
                "from": {
                    "file": "/Users/14leec1/.android/build-cache/c5aeb9e01246e9f7fb64d0d5293ae6799d062d8d/output/res/values-in/values-in.xml",
                    "position": {
                        "startLine": 16,
                        "startColumn": 4,
                        "startOffset": 1470,
                        "endColumn": 103,
                        "endOffset": 1569
                    }
                }
            },
            {
                "to": {
                    "startLine": 17,
                    "startColumn": 4,
                    "startOffset": 1624,
                    "endColumn": 107,
                    "endOffset": 1727
                },
                "from": {
                    "file": "/Users/14leec1/.android/build-cache/c5aeb9e01246e9f7fb64d0d5293ae6799d062d8d/output/res/values-in/values-in.xml",
                    "position": {
                        "startLine": 17,
                        "startColumn": 4,
                        "startOffset": 1574,
                        "endColumn": 107,
                        "endOffset": 1677
                    }
                }
            },
            {
                "to": {
                    "startLine": 18,
                    "startColumn": 4,
                    "startOffset": 1732,
                    "endColumn": 107,
                    "endOffset": 1835
                },
                "from": {
                    "file": "/Users/14leec1/.android/build-cache/c5aeb9e01246e9f7fb64d0d5293ae6799d062d8d/output/res/values-in/values-in.xml",
                    "position": {
                        "startLine": 18,
                        "startColumn": 4,
                        "startOffset": 1682,
                        "endColumn": 107,
                        "endOffset": 1785
                    }
                }
            },
            {
                "to": {
                    "startLine": 19,
                    "startColumn": 4,
                    "startOffset": 1840,
                    "endColumn": 122,
                    "endOffset": 1958
                },
                "from": {
                    "file": "/Users/14leec1/.android/build-cache/c5aeb9e01246e9f7fb64d0d5293ae6799d062d8d/output/res/values-in/values-in.xml",
                    "position": {
                        "startLine": 19,
                        "startColumn": 4,
                        "startOffset": 1790,
                        "endColumn": 122,
                        "endOffset": 1908
                    }
                }
            },
            {
                "to": {
                    "startLine": 20,
                    "startColumn": 4,
                    "startOffset": 1963,
                    "endColumn": 98,
                    "endOffset": 2057
                },
                "from": {
                    "file": "/Users/14leec1/.android/build-cache/c5aeb9e01246e9f7fb64d0d5293ae6799d062d8d/output/res/values-in/values-in.xml",
                    "position": {
                        "startLine": 20,
                        "startColumn": 4,
                        "startOffset": 1913,
                        "endColumn": 98,
                        "endOffset": 2007
                    }
                }
            },
            {
                "to": {
                    "startLine": 21,
                    "startColumn": 4,
                    "startOffset": 2062,
                    "endColumn": 190,
                    "endOffset": 2248
                },
                "from": {
                    "file": "/Users/14leec1/.android/build-cache/ff4967dcef41267c999da54fcc7c7f9e60142282/output/res/values-in/values.xml",
                    "position": {
                        "startLine": 4,
                        "startColumn": 0,
                        "startOffset": 285,
                        "endColumn": 190,
                        "endOffset": 475
                    }
                }
            },
            {
                "to": {
                    "startLine": 22,
                    "startColumn": 4,
                    "startOffset": 2253,
                    "endColumn": 83,
                    "endOffset": 2332
                },
                "from": {
                    "file": "/Users/14leec1/.android/build-cache/c5aeb9e01246e9f7fb64d0d5293ae6799d062d8d/output/res/values-in/values-in.xml",
                    "position": {
                        "startLine": 21,
                        "startColumn": 4,
                        "startOffset": 2012,
                        "endColumn": 83,
                        "endOffset": 2091
                    }
                }
            },
            {
                "to": {
                    "startLine": 23,
                    "startColumn": 4,
                    "startOffset": 2337,
                    "endColumn": 100,
                    "endOffset": 2433
                },
                "from": {
                    "file": "/Users/14leec1/.android/build-cache/c5aeb9e01246e9f7fb64d0d5293ae6799d062d8d/output/res/values-in/values-in.xml",
                    "position": {
                        "startLine": 22,
                        "startColumn": 4,
                        "startOffset": 2096,
                        "endColumn": 100,
                        "endOffset": 2192
                    }
                }
            }
        ]
    }
]