<?xml version="1.0" encoding="utf-8"?>
<manifest xmlns:android="http://schemas.android.com/apk/res/android"
    package="psych.lab.selfregulation.appusagestats"
    android:versionCode="1"
    android:versionName="1.0" >

    <uses-sdk
        android:minSdkVersion="21"
        android:targetSdkVersion="25" />

    <uses-permission android:name="android.permission.PACKAGE_USAGE_STATS" />
    <uses-permission android:name="android.permission.INTERNET" />
    <uses-permission android:name="android.permission.INTERNET" />
    <uses-permission android:name="android.permission.GET_ACCOUNTS" />
    <uses-permission android:name="com.google.android.c2dm.permission.RECEIVE" />
    <uses-permission android:name="android.permission.ACCESS_NETWORK_STATE" />
    <uses-permission android:name="android.permission.WAKE_LOCK" />

    <permission
        android:name="psych.lab.selfregulation.appusagestats.permission.C2D_MESSAGE"
        android:protectionLevel="signature" />

    <uses-permission android:name="psych.lab.selfregulation.appusagestats.permission.C2D_MESSAGE" />

    <application
        android:allowBackup="true"
        android:icon="@mipmap/ic_launcher"
        android:label="@string/app_name"
        android:supportsRtl="true"
        android:theme="@style/AppTheme" >
        <activity android:name="psych.lab.selfregulation.appusagestats.home_page" >
            <intent-filter>
                <action android:name="android.intent.action.MAIN" />

                <category android:name="android.intent.category.LAUNCHER" />
            </intent-filter>
        </activity>
        <activity android:name="psych.lab.selfregulation.appusagestats.SendAppUsageStats" >
            <intent-filter>
                <category android:name="android.intent.category.ALTERNATIVE" />
            </intent-filter>
        </activity>

        <service android:name="psych.lab.selfregulation.appusagestats.MyFirebaseMessagingService" >
            <intent-filter>
                <action android:name="com.google.firebase.MESSAGING_EVENT" />
            </intent-filter>
        </service>
        <service android:name="psych.lab.selfregulation.appusagestats.FirebaseIDService" >
            <intent-filter>
                <action android:name="com.google.firebase.INSTANCE_ID_EVENT" />
            </intent-filter>
        </service>

        <receiver android:name="psych.lab.selfregulation.appusagestats.ShutdownReceiver" >
            <intent-filter>
                <action android:name="android.intent.action.ACTION_SHUTDOWN" />
                <action android:name="android.intent.action.QUICKBOOT_POWEROFF" />
            </intent-filter>
        </receiver>

        <!--
         FirebaseMessagingService performs security checks at runtime,
             no need for explicit permissions despite exported="true"
        -->
        <service
            android:name="com.google.firebase.messaging.FirebaseMessagingService"
            android:exported="true" >
            <intent-filter android:priority="-500" >
                <action android:name="com.google.firebase.MESSAGING_EVENT" />
            </intent-filter>
        </service>

        <receiver
            android:name="com.google.android.gms.measurement.AppMeasurementReceiver"
            android:enabled="true"
            android:exported="false" >
        </receiver>
        <receiver
            android:name="com.google.android.gms.measurement.AppMeasurementInstallReferrerReceiver"
            android:enabled="true"
            android:permission="android.permission.INSTALL_PACKAGES" >
            <intent-filter>
                <action android:name="com.android.vending.INSTALL_REFERRER" />
            </intent-filter>
        </receiver>

        <service
            android:name="com.google.android.gms.measurement.AppMeasurementService"
            android:enabled="true"
            android:exported="false" />

        <receiver
            android:name="com.google.firebase.iid.FirebaseInstanceIdReceiver"
            android:exported="true"
            android:permission="com.google.android.c2dm.permission.SEND" >
            <intent-filter>
                <action android:name="com.google.android.c2dm.intent.RECEIVE" />
                <action android:name="com.google.android.c2dm.intent.REGISTRATION" />

                <category android:name="psych.lab.selfregulation.appusagestats" />
            </intent-filter>
        </receiver>
        <!--
 Internal (not exported) receiver used by the app to start its own exported services
             without risk of being spoofed.
        -->
        <receiver
            android:name="com.google.firebase.iid.FirebaseInstanceIdInternalReceiver"
            android:exported="false" />
        <!--
 FirebaseInstanceIdService performs security checks at runtime,
             no need for explicit permissions despite exported="true"
        -->
        <service
            android:name="com.google.firebase.iid.FirebaseInstanceIdService"
            android:exported="true" >
            <intent-filter android:priority="-500" >
                <action android:name="com.google.firebase.INSTANCE_ID_EVENT" />
            </intent-filter>
        </service>

        <provider
            android:name="com.google.firebase.provider.FirebaseInitProvider"
            android:authorities="psych.lab.selfregulation.appusagestats.firebaseinitprovider"
            android:exported="false"
            android:initOrder="100" />

        <meta-data
            android:name="com.google.android.gms.version"
            android:value="@integer/google_play_services_version" />

        <service
            android:name="com.android.tools.fd.runtime.InstantRunService"
            android:exported="true" />
    </application>

</manifest>