[
    {
        "outputFile": "/Users/14leec1/AndroidStudioProjects/AppUsageStats/app/build/intermediates/incremental/mergeDebugResources/merged.dir/values-vi/values-vi.xml",
        "map": [
            {
                "to": {
                    "startLine": 2,
                    "startColumn": 4,
                    "startOffset": 105,
                    "endColumn": 113,
                    "endOffset": 214
                },
                "from": {
                    "file": "/Users/14leec1/.android/build-cache/c5aeb9e01246e9f7fb64d0d5293ae6799d062d8d/output/res/values-vi/values-vi.xml",
                    "position": {
                        "startLine": 2,
                        "startColumn": 4,
                        "startOffset": 55,
                        "endColumn": 113,
                        "endOffset": 164
                    }
                }
            },
            {
                "to": {
                    "startLine": 3,
                    "startColumn": 4,
                    "startOffset": 219,
                    "endColumn": 107,
                    "endOffset": 322
                },
                "from": {
                    "file": "/Users/14leec1/.android/build-cache/c5aeb9e01246e9f7fb64d0d5293ae6799d062d8d/output/res/values-vi/values-vi.xml",
                    "position": {
                        "startLine": 3,
                        "startColumn": 4,
                        "startOffset": 169,
                        "endColumn": 107,
                        "endOffset": 272
                    }
                }
            },
            {
                "to": {
                    "startLine": 4,
                    "startColumn": 4,
                    "startOffset": 327,
                    "endColumn": 122,
                    "endOffset": 445
                },
                "from": {
                    "file": "/Users/14leec1/.android/build-cache/c5aeb9e01246e9f7fb64d0d5293ae6799d062d8d/output/res/values-vi/values-vi.xml",
                    "position": {
                        "startLine": 4,
                        "startColumn": 4,
                        "startOffset": 277,
                        "endColumn": 122,
                        "endOffset": 395
                    }
                }
            },
            {
                "to": {
                    "startLine": 5,
                    "startColumn": 4,
                    "startOffset": 450,
                    "endColumn": 107,
                    "endOffset": 553
                },
                "from": {
                    "file": "/Users/14leec1/.android/build-cache/c5aeb9e01246e9f7fb64d0d5293ae6799d062d8d/output/res/values-vi/values-vi.xml",
                    "position": {
                        "startLine": 5,
                        "startColumn": 4,
                        "startOffset": 400,
                        "endColumn": 107,
                        "endOffset": 503
                    }
                }
            },
            {
                "to": {
                    "startLine": 6,
                    "startColumn": 4,
                    "startOffset": 558,
                    "endColumn": 108,
                    "endOffset": 662
                },
                "from": {
                    "file": "/Users/14leec1/.android/build-cache/c5aeb9e01246e9f7fb64d0d5293ae6799d062d8d/output/res/values-vi/values-vi.xml",
                    "position": {
                        "startLine": 6,
                        "startColumn": 4,
                        "startOffset": 508,
                        "endColumn": 108,
                        "endOffset": 612
                    }
                }
            },
            {
                "to": {
                    "startLine": 7,
                    "startColumn": 4,
                    "startOffset": 667,
                    "endColumn": 83,
                    "endOffset": 746
                },
                "from": {
                    "file": "/Users/14leec1/.android/build-cache/c5aeb9e01246e9f7fb64d0d5293ae6799d062d8d/output/res/values-vi/values-vi.xml",
                    "position": {
                        "startLine": 7,
                        "startColumn": 4,
                        "startOffset": 617,
                        "endColumn": 83,
                        "endOffset": 696
                    }
                }
            },
            {
                "to": {
                    "startLine": 8,
                    "startColumn": 4,
                    "startOffset": 751,
                    "endColumn": 102,
                    "endOffset": 849
                },
                "from": {
                    "file": "/Users/14leec1/.android/build-cache/c5aeb9e01246e9f7fb64d0d5293ae6799d062d8d/output/res/values-vi/values-vi.xml",
                    "position": {
                        "startLine": 8,
                        "startColumn": 4,
                        "startOffset": 701,
                        "endColumn": 102,
                        "endOffset": 799
                    }
                }
            },
            {
                "to": {
                    "startLine": 9,
                    "startColumn": 4,
                    "startOffset": 854,
                    "endColumn": 118,
                    "endOffset": 968
                },
                "from": {
                    "file": "/Users/14leec1/.android/build-cache/c5aeb9e01246e9f7fb64d0d5293ae6799d062d8d/output/res/values-vi/values-vi.xml",
                    "position": {
                        "startLine": 9,
                        "startColumn": 4,
                        "startOffset": 804,
                        "endColumn": 118,
                        "endOffset": 918
                    }
                }
            },
            {
                "to": {
                    "startLine": 10,
                    "startColumn": 4,
                    "startOffset": 973,
                    "endColumn": 76,
                    "endOffset": 1045
                },
                "from": {
                    "file": "/Users/14leec1/.android/build-cache/c5aeb9e01246e9f7fb64d0d5293ae6799d062d8d/output/res/values-vi/values-vi.xml",
                    "position": {
                        "startLine": 10,
                        "startColumn": 4,
                        "startOffset": 923,
                        "endColumn": 76,
                        "endOffset": 995
                    }
                }
            },
            {
                "to": {
                    "startLine": 11,
                    "startColumn": 4,
                    "startOffset": 1050,
                    "endColumn": 76,
                    "endOffset": 1122
                },
                "from": {
                    "file": "/Users/14leec1/.android/build-cache/c5aeb9e01246e9f7fb64d0d5293ae6799d062d8d/output/res/values-vi/values-vi.xml",
                    "position": {
                        "startLine": 11,
                        "startColumn": 4,
                        "startOffset": 1000,
                        "endColumn": 76,
                        "endOffset": 1072
                    }
                }
            },
            {
                "to": {
                    "startLine": 12,
                    "startColumn": 4,
                    "startOffset": 1127,
                    "endColumn": 83,
                    "endOffset": 1206
                },
                "from": {
                    "file": "/Users/14leec1/.android/build-cache/c5aeb9e01246e9f7fb64d0d5293ae6799d062d8d/output/res/values-vi/values-vi.xml",
                    "position": {
                        "startLine": 12,
                        "startColumn": 4,
                        "startOffset": 1077,
                        "endColumn": 83,
                        "endOffset": 1156
                    }
                }
            },
            {
                "to": {
                    "startLine": 13,
                    "startColumn": 4,
                    "startOffset": 1211,
                    "endColumn": 103,
                    "endOffset": 1310
                },
                "from": {
                    "file": "/Users/14leec1/.android/build-cache/c5aeb9e01246e9f7fb64d0d5293ae6799d062d8d/output/res/values-vi/values-vi.xml",
                    "position": {
                        "startLine": 13,
                        "startColumn": 4,
                        "startOffset": 1161,
                        "endColumn": 103,
                        "endOffset": 1260
                    }
                }
            },
            {
                "to": {
                    "startLine": 14,
                    "startColumn": 4,
                    "startOffset": 1315,
                    "endColumn": 108,
                    "endOffset": 1419
                },
                "from": {
                    "file": "/Users/14leec1/.android/build-cache/c5aeb9e01246e9f7fb64d0d5293ae6799d062d8d/output/res/values-vi/values-vi.xml",
                    "position": {
                        "startLine": 14,
                        "startColumn": 4,
                        "startOffset": 1265,
                        "endColumn": 108,
                        "endOffset": 1369
                    }
                }
            },
            {
                "to": {
                    "startLine": 15,
                    "startColumn": 4,
                    "startOffset": 1424,
                    "endColumn": 100,
                    "endOffset": 1520
                },
                "from": {
                    "file": "/Users/14leec1/.android/build-cache/c5aeb9e01246e9f7fb64d0d5293ae6799d062d8d/output/res/values-vi/values-vi.xml",
                    "position": {
                        "startLine": 15,
                        "startColumn": 4,
                        "startOffset": 1374,
                        "endColumn": 100,
                        "endOffset": 1470
                    }
                }
            },
            {
                "to": {
                    "startLine": 16,
                    "startColumn": 4,
                    "startOffset": 1525,
                    "endColumn": 104,
                    "endOffset": 1625
                },
                "from": {
                    "file": "/Users/14leec1/.android/build-cache/c5aeb9e01246e9f7fb64d0d5293ae6799d062d8d/output/res/values-vi/values-vi.xml",
                    "position": {
                        "startLine": 16,
                        "startColumn": 4,
                        "startOffset": 1475,
                        "endColumn": 104,
                        "endOffset": 1575
                    }
                }
            },
            {
                "to": {
                    "startLine": 17,
                    "startColumn": 4,
                    "startOffset": 1630,
                    "endColumn": 113,
                    "endOffset": 1739
                },
                "from": {
                    "file": "/Users/14leec1/.android/build-cache/c5aeb9e01246e9f7fb64d0d5293ae6799d062d8d/output/res/values-vi/values-vi.xml",
                    "position": {
                        "startLine": 17,
                        "startColumn": 4,
                        "startOffset": 1580,
                        "endColumn": 113,
                        "endOffset": 1689
                    }
                }
            },
            {
                "to": {
                    "startLine": 18,
                    "startColumn": 4,
                    "startOffset": 1744,
                    "endColumn": 104,
                    "endOffset": 1844
                },
                "from": {
                    "file": "/Users/14leec1/.android/build-cache/c5aeb9e01246e9f7fb64d0d5293ae6799d062d8d/output/res/values-vi/values-vi.xml",
                    "position": {
                        "startLine": 18,
                        "startColumn": 4,
                        "startOffset": 1694,
                        "endColumn": 104,
                        "endOffset": 1794
                    }
                }
            },
            {
                "to": {
                    "startLine": 19,
                    "startColumn": 4,
                    "startOffset": 1849,
                    "endColumn": 119,
                    "endOffset": 1964
                },
                "from": {
                    "file": "/Users/14leec1/.android/build-cache/c5aeb9e01246e9f7fb64d0d5293ae6799d062d8d/output/res/values-vi/values-vi.xml",
                    "position": {
                        "startLine": 19,
                        "startColumn": 4,
                        "startOffset": 1799,
                        "endColumn": 119,
                        "endOffset": 1914
                    }
                }
            },
            {
                "to": {
                    "startLine": 20,
                    "startColumn": 4,
                    "startOffset": 1969,
                    "endColumn": 98,
                    "endOffset": 2063
                },
                "from": {
                    "file": "/Users/14leec1/.android/build-cache/c5aeb9e01246e9f7fb64d0d5293ae6799d062d8d/output/res/values-vi/values-vi.xml",
                    "position": {
                        "startLine": 20,
                        "startColumn": 4,
                        "startOffset": 1919,
                        "endColumn": 98,
                        "endOffset": 2013
                    }
                }
            },
            {
                "to": {
                    "startLine": 21,
                    "startColumn": 4,
                    "startOffset": 2068,
                    "endColumn": 194,
                    "endOffset": 2258
                },
                "from": {
                    "file": "/Users/14leec1/.android/build-cache/ff4967dcef41267c999da54fcc7c7f9e60142282/output/res/values-vi/values.xml",
                    "position": {
                        "startLine": 4,
                        "startColumn": 0,
                        "startOffset": 285,
                        "endColumn": 194,
                        "endOffset": 479
                    }
                }
            },
            {
                "to": {
                    "startLine": 22,
                    "startColumn": 4,
                    "startOffset": 2263,
                    "endColumn": 83,
                    "endOffset": 2342
                },
                "from": {
                    "file": "/Users/14leec1/.android/build-cache/c5aeb9e01246e9f7fb64d0d5293ae6799d062d8d/output/res/values-vi/values-vi.xml",
                    "position": {
                        "startLine": 21,
                        "startColumn": 4,
                        "startOffset": 2018,
                        "endColumn": 83,
                        "endOffset": 2097
                    }
                }
            },
            {
                "to": {
                    "startLine": 23,
                    "startColumn": 4,
                    "startOffset": 2347,
                    "endColumn": 100,
                    "endOffset": 2443
                },
                "from": {
                    "file": "/Users/14leec1/.android/build-cache/c5aeb9e01246e9f7fb64d0d5293ae6799d062d8d/output/res/values-vi/values-vi.xml",
                    "position": {
                        "startLine": 22,
                        "startColumn": 4,
                        "startOffset": 2102,
                        "endColumn": 100,
                        "endOffset": 2198
                    }
                }
            }
        ]
    }
]