[
    {
        "outputFile": "/Users/14leec1/AndroidStudioProjects/AppUsageStats/app/build/intermediates/incremental/mergeDebugResources/merged.dir/values-af/values-af.xml",
        "map": [
            {
                "to": {
                    "startLine": 2,
                    "startColumn": 4,
                    "startOffset": 105,
                    "endColumn": 103,
                    "endOffset": 204
                },
                "from": {
                    "file": "/Users/14leec1/.android/build-cache/c5aeb9e01246e9f7fb64d0d5293ae6799d062d8d/output/res/values-af/values-af.xml",
                    "position": {
                        "startLine": 2,
                        "startColumn": 4,
                        "startOffset": 55,
                        "endColumn": 103,
                        "endOffset": 154
                    }
                }
            },
            {
                "to": {
                    "startLine": 3,
                    "startColumn": 4,
                    "startOffset": 209,
                    "endColumn": 107,
                    "endOffset": 312
                },
                "from": {
                    "file": "/Users/14leec1/.android/build-cache/c5aeb9e01246e9f7fb64d0d5293ae6799d062d8d/output/res/values-af/values-af.xml",
                    "position": {
                        "startLine": 3,
                        "startColumn": 4,
                        "startOffset": 159,
                        "endColumn": 107,
                        "endOffset": 262
                    }
                }
            },
            {
                "to": {
                    "startLine": 4,
                    "startColumn": 4,
                    "startOffset": 317,
                    "endColumn": 122,
                    "endOffset": 435
                },
                "from": {
                    "file": "/Users/14leec1/.android/build-cache/c5aeb9e01246e9f7fb64d0d5293ae6799d062d8d/output/res/values-af/values-af.xml",
                    "position": {
                        "startLine": 4,
                        "startColumn": 4,
                        "startOffset": 267,
                        "endColumn": 122,
                        "endOffset": 385
                    }
                }
            },
            {
                "to": {
                    "startLine": 5,
                    "startColumn": 4,
                    "startOffset": 440,
                    "endColumn": 99,
                    "endOffset": 535
                },
                "from": {
                    "file": "/Users/14leec1/.android/build-cache/c5aeb9e01246e9f7fb64d0d5293ae6799d062d8d/output/res/values-af/values-af.xml",
                    "position": {
                        "startLine": 5,
                        "startColumn": 4,
                        "startOffset": 390,
                        "endColumn": 99,
                        "endOffset": 485
                    }
                }
            },
            {
                "to": {
                    "startLine": 6,
                    "startColumn": 4,
                    "startOffset": 540,
                    "endColumn": 105,
                    "endOffset": 641
                },
                "from": {
                    "file": "/Users/14leec1/.android/build-cache/c5aeb9e01246e9f7fb64d0d5293ae6799d062d8d/output/res/values-af/values-af.xml",
                    "position": {
                        "startLine": 6,
                        "startColumn": 4,
                        "startOffset": 490,
                        "endColumn": 105,
                        "endOffset": 591
                    }
                }
            },
            {
                "to": {
                    "startLine": 7,
                    "startColumn": 4,
                    "startOffset": 646,
                    "endColumn": 84,
                    "endOffset": 726
                },
                "from": {
                    "file": "/Users/14leec1/.android/build-cache/c5aeb9e01246e9f7fb64d0d5293ae6799d062d8d/output/res/values-af/values-af.xml",
                    "position": {
                        "startLine": 7,
                        "startColumn": 4,
                        "startOffset": 596,
                        "endColumn": 84,
                        "endOffset": 676
                    }
                }
            },
            {
                "to": {
                    "startLine": 8,
                    "startColumn": 4,
                    "startOffset": 731,
                    "endColumn": 102,
                    "endOffset": 829
                },
                "from": {
                    "file": "/Users/14leec1/.android/build-cache/c5aeb9e01246e9f7fb64d0d5293ae6799d062d8d/output/res/values-af/values-af.xml",
                    "position": {
                        "startLine": 8,
                        "startColumn": 4,
                        "startOffset": 681,
                        "endColumn": 102,
                        "endOffset": 779
                    }
                }
            },
            {
                "to": {
                    "startLine": 9,
                    "startColumn": 4,
                    "startOffset": 834,
                    "endColumn": 117,
                    "endOffset": 947
                },
                "from": {
                    "file": "/Users/14leec1/.android/build-cache/c5aeb9e01246e9f7fb64d0d5293ae6799d062d8d/output/res/values-af/values-af.xml",
                    "position": {
                        "startLine": 9,
                        "startColumn": 4,
                        "startOffset": 784,
                        "endColumn": 117,
                        "endOffset": 897
                    }
                }
            },
            {
                "to": {
                    "startLine": 10,
                    "startColumn": 4,
                    "startOffset": 952,
                    "endColumn": 75,
                    "endOffset": 1023
                },
                "from": {
                    "file": "/Users/14leec1/.android/build-cache/c5aeb9e01246e9f7fb64d0d5293ae6799d062d8d/output/res/values-af/values-af.xml",
                    "position": {
                        "startLine": 10,
                        "startColumn": 4,
                        "startOffset": 902,
                        "endColumn": 75,
                        "endOffset": 973
                    }
                }
            },
            {
                "to": {
                    "startLine": 11,
                    "startColumn": 4,
                    "startOffset": 1028,
                    "endColumn": 76,
                    "endOffset": 1100
                },
                "from": {
                    "file": "/Users/14leec1/.android/build-cache/c5aeb9e01246e9f7fb64d0d5293ae6799d062d8d/output/res/values-af/values-af.xml",
                    "position": {
                        "startLine": 11,
                        "startColumn": 4,
                        "startOffset": 978,
                        "endColumn": 76,
                        "endOffset": 1050
                    }
                }
            },
            {
                "to": {
                    "startLine": 12,
                    "startColumn": 4,
                    "startOffset": 1105,
                    "endColumn": 80,
                    "endOffset": 1181
                },
                "from": {
                    "file": "/Users/14leec1/.android/build-cache/c5aeb9e01246e9f7fb64d0d5293ae6799d062d8d/output/res/values-af/values-af.xml",
                    "position": {
                        "startLine": 12,
                        "startColumn": 4,
                        "startOffset": 1055,
                        "endColumn": 80,
                        "endOffset": 1131
                    }
                }
            },
            {
                "to": {
                    "startLine": 13,
                    "startColumn": 4,
                    "startOffset": 1186,
                    "endColumn": 106,
                    "endOffset": 1288
                },
                "from": {
                    "file": "/Users/14leec1/.android/build-cache/c5aeb9e01246e9f7fb64d0d5293ae6799d062d8d/output/res/values-af/values-af.xml",
                    "position": {
                        "startLine": 13,
                        "startColumn": 4,
                        "startOffset": 1136,
                        "endColumn": 106,
                        "endOffset": 1238
                    }
                }
            },
            {
                "to": {
                    "startLine": 14,
                    "startColumn": 4,
                    "startOffset": 1293,
                    "endColumn": 102,
                    "endOffset": 1391
                },
                "from": {
                    "file": "/Users/14leec1/.android/build-cache/c5aeb9e01246e9f7fb64d0d5293ae6799d062d8d/output/res/values-af/values-af.xml",
                    "position": {
                        "startLine": 14,
                        "startColumn": 4,
                        "startOffset": 1243,
                        "endColumn": 102,
                        "endOffset": 1341
                    }
                }
            },
            {
                "to": {
                    "startLine": 15,
                    "startColumn": 4,
                    "startOffset": 1396,
                    "endColumn": 96,
                    "endOffset": 1488
                },
                "from": {
                    "file": "/Users/14leec1/.android/build-cache/c5aeb9e01246e9f7fb64d0d5293ae6799d062d8d/output/res/values-af/values-af.xml",
                    "position": {
                        "startLine": 15,
                        "startColumn": 4,
                        "startOffset": 1346,
                        "endColumn": 96,
                        "endOffset": 1438
                    }
                }
            },
            {
                "to": {
                    "startLine": 16,
                    "startColumn": 4,
                    "startOffset": 1493,
                    "endColumn": 107,
                    "endOffset": 1596
                },
                "from": {
                    "file": "/Users/14leec1/.android/build-cache/c5aeb9e01246e9f7fb64d0d5293ae6799d062d8d/output/res/values-af/values-af.xml",
                    "position": {
                        "startLine": 16,
                        "startColumn": 4,
                        "startOffset": 1443,
                        "endColumn": 107,
                        "endOffset": 1546
                    }
                }
            },
            {
                "to": {
                    "startLine": 17,
                    "startColumn": 4,
                    "startOffset": 1601,
                    "endColumn": 101,
                    "endOffset": 1698
                },
                "from": {
                    "file": "/Users/14leec1/.android/build-cache/c5aeb9e01246e9f7fb64d0d5293ae6799d062d8d/output/res/values-af/values-af.xml",
                    "position": {
                        "startLine": 17,
                        "startColumn": 4,
                        "startOffset": 1551,
                        "endColumn": 101,
                        "endOffset": 1648
                    }
                }
            },
            {
                "to": {
                    "startLine": 18,
                    "startColumn": 4,
                    "startOffset": 1703,
                    "endColumn": 101,
                    "endOffset": 1800
                },
                "from": {
                    "file": "/Users/14leec1/.android/build-cache/c5aeb9e01246e9f7fb64d0d5293ae6799d062d8d/output/res/values-af/values-af.xml",
                    "position": {
                        "startLine": 18,
                        "startColumn": 4,
                        "startOffset": 1653,
                        "endColumn": 101,
                        "endOffset": 1750
                    }
                }
            },
            {
                "to": {
                    "startLine": 19,
                    "startColumn": 4,
                    "startOffset": 1805,
                    "endColumn": 116,
                    "endOffset": 1917
                },
                "from": {
                    "file": "/Users/14leec1/.android/build-cache/c5aeb9e01246e9f7fb64d0d5293ae6799d062d8d/output/res/values-af/values-af.xml",
                    "position": {
                        "startLine": 19,
                        "startColumn": 4,
                        "startOffset": 1755,
                        "endColumn": 116,
                        "endOffset": 1867
                    }
                }
            },
            {
                "to": {
                    "startLine": 20,
                    "startColumn": 4,
                    "startOffset": 1922,
                    "endColumn": 97,
                    "endOffset": 2015
                },
                "from": {
                    "file": "/Users/14leec1/.android/build-cache/c5aeb9e01246e9f7fb64d0d5293ae6799d062d8d/output/res/values-af/values-af.xml",
                    "position": {
                        "startLine": 20,
                        "startColumn": 4,
                        "startOffset": 1872,
                        "endColumn": 97,
                        "endOffset": 1965
                    }
                }
            },
            {
                "to": {
                    "startLine": 21,
                    "startColumn": 4,
                    "startOffset": 2020,
                    "endColumn": 201,
                    "endOffset": 2217
                },
                "from": {
                    "file": "/Users/14leec1/.android/build-cache/ff4967dcef41267c999da54fcc7c7f9e60142282/output/res/values-af/values.xml",
                    "position": {
                        "startLine": 4,
                        "startColumn": 0,
                        "startOffset": 285,
                        "endColumn": 201,
                        "endOffset": 486
                    }
                }
            },
            {
                "to": {
                    "startLine": 22,
                    "startColumn": 4,
                    "startOffset": 2222,
                    "endColumn": 79,
                    "endOffset": 2297
                },
                "from": {
                    "file": "/Users/14leec1/.android/build-cache/c5aeb9e01246e9f7fb64d0d5293ae6799d062d8d/output/res/values-af/values-af.xml",
                    "position": {
                        "startLine": 21,
                        "startColumn": 4,
                        "startOffset": 1970,
                        "endColumn": 79,
                        "endOffset": 2045
                    }
                }
            },
            {
                "to": {
                    "startLine": 23,
                    "startColumn": 4,
                    "startOffset": 2302,
                    "endColumn": 100,
                    "endOffset": 2398
                },
                "from": {
                    "file": "/Users/14leec1/.android/build-cache/c5aeb9e01246e9f7fb64d0d5293ae6799d062d8d/output/res/values-af/values-af.xml",
                    "position": {
                        "startLine": 22,
                        "startColumn": 4,
                        "startOffset": 2050,
                        "endColumn": 100,
                        "endOffset": 2146
                    }
                }
            }
        ]
    }
]