[
    {
        "outputFile": "/Users/14leec1/AndroidStudioProjects/AppUsageStats/app/build/intermediates/incremental/mergeDebugResources/merged.dir/values-az-rAZ/values-az-rAZ.xml",
        "map": [
            {
                "to": {
                    "startLine": 2,
                    "startColumn": 4,
                    "startOffset": 55,
                    "endColumn": 107,
                    "endOffset": 158
                },
                "from": {
                    "file": "/Users/14leec1/.android/build-cache/c5aeb9e01246e9f7fb64d0d5293ae6799d062d8d/output/res/values-az-rAZ/values-az-rAZ.xml",
                    "position": {
                        "startLine": 2,
                        "startColumn": 4,
                        "startOffset": 55,
                        "endColumn": 107,
                        "endOffset": 158
                    }
                }
            },
            {
                "to": {
                    "startLine": 3,
                    "startColumn": 4,
                    "startOffset": 163,
                    "endColumn": 107,
                    "endOffset": 266
                },
                "from": {
                    "file": "/Users/14leec1/.android/build-cache/c5aeb9e01246e9f7fb64d0d5293ae6799d062d8d/output/res/values-az-rAZ/values-az-rAZ.xml",
                    "position": {
                        "startLine": 3,
                        "startColumn": 4,
                        "startOffset": 163,
                        "endColumn": 107,
                        "endOffset": 266
                    }
                }
            },
            {
                "to": {
                    "startLine": 4,
                    "startColumn": 4,
                    "startOffset": 271,
                    "endColumn": 122,
                    "endOffset": 389
                },
                "from": {
                    "file": "/Users/14leec1/.android/build-cache/c5aeb9e01246e9f7fb64d0d5293ae6799d062d8d/output/res/values-az-rAZ/values-az-rAZ.xml",
                    "position": {
                        "startLine": 4,
                        "startColumn": 4,
                        "startOffset": 271,
                        "endColumn": 122,
                        "endOffset": 389
                    }
                }
            },
            {
                "to": {
                    "startLine": 5,
                    "startColumn": 4,
                    "startOffset": 394,
                    "endColumn": 98,
                    "endOffset": 488
                },
                "from": {
                    "file": "/Users/14leec1/.android/build-cache/c5aeb9e01246e9f7fb64d0d5293ae6799d062d8d/output/res/values-az-rAZ/values-az-rAZ.xml",
                    "position": {
                        "startLine": 5,
                        "startColumn": 4,
                        "startOffset": 394,
                        "endColumn": 98,
                        "endOffset": 488
                    }
                }
            },
            {
                "to": {
                    "startLine": 6,
                    "startColumn": 4,
                    "startOffset": 493,
                    "endColumn": 111,
                    "endOffset": 600
                },
                "from": {
                    "file": "/Users/14leec1/.android/build-cache/c5aeb9e01246e9f7fb64d0d5293ae6799d062d8d/output/res/values-az-rAZ/values-az-rAZ.xml",
                    "position": {
                        "startLine": 6,
                        "startColumn": 4,
                        "startOffset": 493,
                        "endColumn": 111,
                        "endOffset": 600
                    }
                }
            },
            {
                "to": {
                    "startLine": 7,
                    "startColumn": 4,
                    "startOffset": 605,
                    "endColumn": 87,
                    "endOffset": 688
                },
                "from": {
                    "file": "/Users/14leec1/.android/build-cache/c5aeb9e01246e9f7fb64d0d5293ae6799d062d8d/output/res/values-az-rAZ/values-az-rAZ.xml",
                    "position": {
                        "startLine": 7,
                        "startColumn": 4,
                        "startOffset": 605,
                        "endColumn": 87,
                        "endOffset": 688
                    }
                }
            },
            {
                "to": {
                    "startLine": 8,
                    "startColumn": 4,
                    "startOffset": 693,
                    "endColumn": 106,
                    "endOffset": 795
                },
                "from": {
                    "file": "/Users/14leec1/.android/build-cache/c5aeb9e01246e9f7fb64d0d5293ae6799d062d8d/output/res/values-az-rAZ/values-az-rAZ.xml",
                    "position": {
                        "startLine": 8,
                        "startColumn": 4,
                        "startOffset": 693,
                        "endColumn": 106,
                        "endOffset": 795
                    }
                }
            },
            {
                "to": {
                    "startLine": 9,
                    "startColumn": 4,
                    "startOffset": 800,
                    "endColumn": 113,
                    "endOffset": 909
                },
                "from": {
                    "file": "/Users/14leec1/.android/build-cache/c5aeb9e01246e9f7fb64d0d5293ae6799d062d8d/output/res/values-az-rAZ/values-az-rAZ.xml",
                    "position": {
                        "startLine": 9,
                        "startColumn": 4,
                        "startOffset": 800,
                        "endColumn": 113,
                        "endOffset": 909
                    }
                }
            },
            {
                "to": {
                    "startLine": 10,
                    "startColumn": 4,
                    "startOffset": 914,
                    "endColumn": 80,
                    "endOffset": 990
                },
                "from": {
                    "file": "/Users/14leec1/.android/build-cache/c5aeb9e01246e9f7fb64d0d5293ae6799d062d8d/output/res/values-az-rAZ/values-az-rAZ.xml",
                    "position": {
                        "startLine": 10,
                        "startColumn": 4,
                        "startOffset": 914,
                        "endColumn": 80,
                        "endOffset": 990
                    }
                }
            },
            {
                "to": {
                    "startLine": 11,
                    "startColumn": 4,
                    "startOffset": 995,
                    "endColumn": 78,
                    "endOffset": 1069
                },
                "from": {
                    "file": "/Users/14leec1/.android/build-cache/c5aeb9e01246e9f7fb64d0d5293ae6799d062d8d/output/res/values-az-rAZ/values-az-rAZ.xml",
                    "position": {
                        "startLine": 11,
                        "startColumn": 4,
                        "startOffset": 995,
                        "endColumn": 78,
                        "endOffset": 1069
                    }
                }
            },
            {
                "to": {
                    "startLine": 12,
                    "startColumn": 4,
                    "startOffset": 1074,
                    "endColumn": 84,
                    "endOffset": 1154
                },
                "from": {
                    "file": "/Users/14leec1/.android/build-cache/c5aeb9e01246e9f7fb64d0d5293ae6799d062d8d/output/res/values-az-rAZ/values-az-rAZ.xml",
                    "position": {
                        "startLine": 12,
                        "startColumn": 4,
                        "startOffset": 1074,
                        "endColumn": 84,
                        "endOffset": 1154
                    }
                }
            },
            {
                "to": {
                    "startLine": 13,
                    "startColumn": 4,
                    "startOffset": 1159,
                    "endColumn": 106,
                    "endOffset": 1261
                },
                "from": {
                    "file": "/Users/14leec1/.android/build-cache/c5aeb9e01246e9f7fb64d0d5293ae6799d062d8d/output/res/values-az-rAZ/values-az-rAZ.xml",
                    "position": {
                        "startLine": 13,
                        "startColumn": 4,
                        "startOffset": 1159,
                        "endColumn": 106,
                        "endOffset": 1261
                    }
                }
            },
            {
                "to": {
                    "startLine": 14,
                    "startColumn": 4,
                    "startOffset": 1266,
                    "endColumn": 106,
                    "endOffset": 1368
                },
                "from": {
                    "file": "/Users/14leec1/.android/build-cache/c5aeb9e01246e9f7fb64d0d5293ae6799d062d8d/output/res/values-az-rAZ/values-az-rAZ.xml",
                    "position": {
                        "startLine": 14,
                        "startColumn": 4,
                        "startOffset": 1266,
                        "endColumn": 106,
                        "endOffset": 1368
                    }
                }
            },
            {
                "to": {
                    "startLine": 15,
                    "startColumn": 4,
                    "startOffset": 1373,
                    "endColumn": 99,
                    "endOffset": 1468
                },
                "from": {
                    "file": "/Users/14leec1/.android/build-cache/c5aeb9e01246e9f7fb64d0d5293ae6799d062d8d/output/res/values-az-rAZ/values-az-rAZ.xml",
                    "position": {
                        "startLine": 15,
                        "startColumn": 4,
                        "startOffset": 1373,
                        "endColumn": 99,
                        "endOffset": 1468
                    }
                }
            },
            {
                "to": {
                    "startLine": 16,
                    "startColumn": 4,
                    "startOffset": 1473,
                    "endColumn": 108,
                    "endOffset": 1577
                },
                "from": {
                    "file": "/Users/14leec1/.android/build-cache/c5aeb9e01246e9f7fb64d0d5293ae6799d062d8d/output/res/values-az-rAZ/values-az-rAZ.xml",
                    "position": {
                        "startLine": 16,
                        "startColumn": 4,
                        "startOffset": 1473,
                        "endColumn": 108,
                        "endOffset": 1577
                    }
                }
            },
            {
                "to": {
                    "startLine": 17,
                    "startColumn": 4,
                    "startOffset": 1582,
                    "endColumn": 103,
                    "endOffset": 1681
                },
                "from": {
                    "file": "/Users/14leec1/.android/build-cache/c5aeb9e01246e9f7fb64d0d5293ae6799d062d8d/output/res/values-az-rAZ/values-az-rAZ.xml",
                    "position": {
                        "startLine": 17,
                        "startColumn": 4,
                        "startOffset": 1582,
                        "endColumn": 103,
                        "endOffset": 1681
                    }
                }
            },
            {
                "to": {
                    "startLine": 18,
                    "startColumn": 4,
                    "startOffset": 1686,
                    "endColumn": 109,
                    "endOffset": 1791
                },
                "from": {
                    "file": "/Users/14leec1/.android/build-cache/c5aeb9e01246e9f7fb64d0d5293ae6799d062d8d/output/res/values-az-rAZ/values-az-rAZ.xml",
                    "position": {
                        "startLine": 18,
                        "startColumn": 4,
                        "startOffset": 1686,
                        "endColumn": 109,
                        "endOffset": 1791
                    }
                }
            },
            {
                "to": {
                    "startLine": 19,
                    "startColumn": 4,
                    "startOffset": 1796,
                    "endColumn": 96,
                    "endOffset": 1888
                },
                "from": {
                    "file": "/Users/14leec1/.android/build-cache/c5aeb9e01246e9f7fb64d0d5293ae6799d062d8d/output/res/values-az-rAZ/values-az-rAZ.xml",
                    "position": {
                        "startLine": 19,
                        "startColumn": 4,
                        "startOffset": 1796,
                        "endColumn": 96,
                        "endOffset": 1888
                    }
                }
            },
            {
                "to": {
                    "startLine": 20,
                    "startColumn": 4,
                    "startOffset": 1893,
                    "endColumn": 82,
                    "endOffset": 1971
                },
                "from": {
                    "file": "/Users/14leec1/.android/build-cache/c5aeb9e01246e9f7fb64d0d5293ae6799d062d8d/output/res/values-az-rAZ/values-az-rAZ.xml",
                    "position": {
                        "startLine": 20,
                        "startColumn": 4,
                        "startOffset": 1893,
                        "endColumn": 82,
                        "endOffset": 1971
                    }
                }
            },
            {
                "to": {
                    "startLine": 21,
                    "startColumn": 4,
                    "startOffset": 1976,
                    "endColumn": 100,
                    "endOffset": 2072
                },
                "from": {
                    "file": "/Users/14leec1/.android/build-cache/c5aeb9e01246e9f7fb64d0d5293ae6799d062d8d/output/res/values-az-rAZ/values-az-rAZ.xml",
                    "position": {
                        "startLine": 21,
                        "startColumn": 4,
                        "startOffset": 1976,
                        "endColumn": 100,
                        "endOffset": 2072
                    }
                }
            }
        ]
    }
]