[
    {
        "outputFile": "/Users/14leec1/AndroidStudioProjects/AppUsageStats/app/build/intermediates/incremental/mergeDebugResources/merged.dir/values-uz-rUZ/values-uz-rUZ.xml",
        "map": [
            {
                "to": {
                    "startLine": 2,
                    "startColumn": 4,
                    "startOffset": 55,
                    "endColumn": 104,
                    "endOffset": 155
                },
                "from": {
                    "file": "/Users/14leec1/.android/build-cache/c5aeb9e01246e9f7fb64d0d5293ae6799d062d8d/output/res/values-uz-rUZ/values-uz-rUZ.xml",
                    "position": {
                        "startLine": 2,
                        "startColumn": 4,
                        "startOffset": 55,
                        "endColumn": 104,
                        "endOffset": 155
                    }
                }
            },
            {
                "to": {
                    "startLine": 3,
                    "startColumn": 4,
                    "startOffset": 160,
                    "endColumn": 107,
                    "endOffset": 263
                },
                "from": {
                    "file": "/Users/14leec1/.android/build-cache/c5aeb9e01246e9f7fb64d0d5293ae6799d062d8d/output/res/values-uz-rUZ/values-uz-rUZ.xml",
                    "position": {
                        "startLine": 3,
                        "startColumn": 4,
                        "startOffset": 160,
                        "endColumn": 107,
                        "endOffset": 263
                    }
                }
            },
            {
                "to": {
                    "startLine": 4,
                    "startColumn": 4,
                    "startOffset": 268,
                    "endColumn": 122,
                    "endOffset": 386
                },
                "from": {
                    "file": "/Users/14leec1/.android/build-cache/c5aeb9e01246e9f7fb64d0d5293ae6799d062d8d/output/res/values-uz-rUZ/values-uz-rUZ.xml",
                    "position": {
                        "startLine": 4,
                        "startColumn": 4,
                        "startOffset": 268,
                        "endColumn": 122,
                        "endOffset": 386
                    }
                }
            },
            {
                "to": {
                    "startLine": 5,
                    "startColumn": 4,
                    "startOffset": 391,
                    "endColumn": 103,
                    "endOffset": 490
                },
                "from": {
                    "file": "/Users/14leec1/.android/build-cache/c5aeb9e01246e9f7fb64d0d5293ae6799d062d8d/output/res/values-uz-rUZ/values-uz-rUZ.xml",
                    "position": {
                        "startLine": 5,
                        "startColumn": 4,
                        "startOffset": 391,
                        "endColumn": 103,
                        "endOffset": 490
                    }
                }
            },
            {
                "to": {
                    "startLine": 6,
                    "startColumn": 4,
                    "startOffset": 495,
                    "endColumn": 113,
                    "endOffset": 604
                },
                "from": {
                    "file": "/Users/14leec1/.android/build-cache/c5aeb9e01246e9f7fb64d0d5293ae6799d062d8d/output/res/values-uz-rUZ/values-uz-rUZ.xml",
                    "position": {
                        "startLine": 6,
                        "startColumn": 4,
                        "startOffset": 495,
                        "endColumn": 113,
                        "endOffset": 604
                    }
                }
            },
            {
                "to": {
                    "startLine": 7,
                    "startColumn": 4,
                    "startOffset": 609,
                    "endColumn": 85,
                    "endOffset": 690
                },
                "from": {
                    "file": "/Users/14leec1/.android/build-cache/c5aeb9e01246e9f7fb64d0d5293ae6799d062d8d/output/res/values-uz-rUZ/values-uz-rUZ.xml",
                    "position": {
                        "startLine": 7,
                        "startColumn": 4,
                        "startOffset": 609,
                        "endColumn": 85,
                        "endOffset": 690
                    }
                }
            },
            {
                "to": {
                    "startLine": 8,
                    "startColumn": 4,
                    "startOffset": 695,
                    "endColumn": 110,
                    "endOffset": 801
                },
                "from": {
                    "file": "/Users/14leec1/.android/build-cache/c5aeb9e01246e9f7fb64d0d5293ae6799d062d8d/output/res/values-uz-rUZ/values-uz-rUZ.xml",
                    "position": {
                        "startLine": 8,
                        "startColumn": 4,
                        "startOffset": 695,
                        "endColumn": 110,
                        "endOffset": 801
                    }
                }
            },
            {
                "to": {
                    "startLine": 9,
                    "startColumn": 4,
                    "startOffset": 806,
                    "endColumn": 115,
                    "endOffset": 917
                },
                "from": {
                    "file": "/Users/14leec1/.android/build-cache/c5aeb9e01246e9f7fb64d0d5293ae6799d062d8d/output/res/values-uz-rUZ/values-uz-rUZ.xml",
                    "position": {
                        "startLine": 9,
                        "startColumn": 4,
                        "startOffset": 806,
                        "endColumn": 115,
                        "endOffset": 917
                    }
                }
            },
            {
                "to": {
                    "startLine": 10,
                    "startColumn": 4,
                    "startOffset": 922,
                    "endColumn": 79,
                    "endOffset": 997
                },
                "from": {
                    "file": "/Users/14leec1/.android/build-cache/c5aeb9e01246e9f7fb64d0d5293ae6799d062d8d/output/res/values-uz-rUZ/values-uz-rUZ.xml",
                    "position": {
                        "startLine": 10,
                        "startColumn": 4,
                        "startOffset": 922,
                        "endColumn": 79,
                        "endOffset": 997
                    }
                }
            },
            {
                "to": {
                    "startLine": 11,
                    "startColumn": 4,
                    "startOffset": 1002,
                    "endColumn": 78,
                    "endOffset": 1076
                },
                "from": {
                    "file": "/Users/14leec1/.android/build-cache/c5aeb9e01246e9f7fb64d0d5293ae6799d062d8d/output/res/values-uz-rUZ/values-uz-rUZ.xml",
                    "position": {
                        "startLine": 11,
                        "startColumn": 4,
                        "startOffset": 1002,
                        "endColumn": 78,
                        "endOffset": 1076
                    }
                }
            },
            {
                "to": {
                    "startLine": 12,
                    "startColumn": 4,
                    "startOffset": 1081,
                    "endColumn": 83,
                    "endOffset": 1160
                },
                "from": {
                    "file": "/Users/14leec1/.android/build-cache/c5aeb9e01246e9f7fb64d0d5293ae6799d062d8d/output/res/values-uz-rUZ/values-uz-rUZ.xml",
                    "position": {
                        "startLine": 12,
                        "startColumn": 4,
                        "startOffset": 1081,
                        "endColumn": 83,
                        "endOffset": 1160
                    }
                }
            },
            {
                "to": {
                    "startLine": 13,
                    "startColumn": 4,
                    "startOffset": 1165,
                    "endColumn": 108,
                    "endOffset": 1269
                },
                "from": {
                    "file": "/Users/14leec1/.android/build-cache/c5aeb9e01246e9f7fb64d0d5293ae6799d062d8d/output/res/values-uz-rUZ/values-uz-rUZ.xml",
                    "position": {
                        "startLine": 13,
                        "startColumn": 4,
                        "startOffset": 1165,
                        "endColumn": 108,
                        "endOffset": 1269
                    }
                }
            },
            {
                "to": {
                    "startLine": 14,
                    "startColumn": 4,
                    "startOffset": 1274,
                    "endColumn": 106,
                    "endOffset": 1376
                },
                "from": {
                    "file": "/Users/14leec1/.android/build-cache/c5aeb9e01246e9f7fb64d0d5293ae6799d062d8d/output/res/values-uz-rUZ/values-uz-rUZ.xml",
                    "position": {
                        "startLine": 14,
                        "startColumn": 4,
                        "startOffset": 1274,
                        "endColumn": 106,
                        "endOffset": 1376
                    }
                }
            },
            {
                "to": {
                    "startLine": 15,
                    "startColumn": 4,
                    "startOffset": 1381,
                    "endColumn": 100,
                    "endOffset": 1477
                },
                "from": {
                    "file": "/Users/14leec1/.android/build-cache/c5aeb9e01246e9f7fb64d0d5293ae6799d062d8d/output/res/values-uz-rUZ/values-uz-rUZ.xml",
                    "position": {
                        "startLine": 15,
                        "startColumn": 4,
                        "startOffset": 1381,
                        "endColumn": 100,
                        "endOffset": 1477
                    }
                }
            },
            {
                "to": {
                    "startLine": 16,
                    "startColumn": 4,
                    "startOffset": 1482,
                    "endColumn": 107,
                    "endOffset": 1585
                },
                "from": {
                    "file": "/Users/14leec1/.android/build-cache/c5aeb9e01246e9f7fb64d0d5293ae6799d062d8d/output/res/values-uz-rUZ/values-uz-rUZ.xml",
                    "position": {
                        "startLine": 16,
                        "startColumn": 4,
                        "startOffset": 1482,
                        "endColumn": 107,
                        "endOffset": 1585
                    }
                }
            },
            {
                "to": {
                    "startLine": 17,
                    "startColumn": 4,
                    "startOffset": 1590,
                    "endColumn": 104,
                    "endOffset": 1690
                },
                "from": {
                    "file": "/Users/14leec1/.android/build-cache/c5aeb9e01246e9f7fb64d0d5293ae6799d062d8d/output/res/values-uz-rUZ/values-uz-rUZ.xml",
                    "position": {
                        "startLine": 17,
                        "startColumn": 4,
                        "startOffset": 1590,
                        "endColumn": 104,
                        "endOffset": 1690
                    }
                }
            },
            {
                "to": {
                    "startLine": 18,
                    "startColumn": 4,
                    "startOffset": 1695,
                    "endColumn": 106,
                    "endOffset": 1797
                },
                "from": {
                    "file": "/Users/14leec1/.android/build-cache/c5aeb9e01246e9f7fb64d0d5293ae6799d062d8d/output/res/values-uz-rUZ/values-uz-rUZ.xml",
                    "position": {
                        "startLine": 18,
                        "startColumn": 4,
                        "startOffset": 1695,
                        "endColumn": 106,
                        "endOffset": 1797
                    }
                }
            },
            {
                "to": {
                    "startLine": 19,
                    "startColumn": 4,
                    "startOffset": 1802,
                    "endColumn": 123,
                    "endOffset": 1921
                },
                "from": {
                    "file": "/Users/14leec1/.android/build-cache/c5aeb9e01246e9f7fb64d0d5293ae6799d062d8d/output/res/values-uz-rUZ/values-uz-rUZ.xml",
                    "position": {
                        "startLine": 19,
                        "startColumn": 4,
                        "startOffset": 1802,
                        "endColumn": 123,
                        "endOffset": 1921
                    }
                }
            },
            {
                "to": {
                    "startLine": 20,
                    "startColumn": 4,
                    "startOffset": 1926,
                    "endColumn": 98,
                    "endOffset": 2020
                },
                "from": {
                    "file": "/Users/14leec1/.android/build-cache/c5aeb9e01246e9f7fb64d0d5293ae6799d062d8d/output/res/values-uz-rUZ/values-uz-rUZ.xml",
                    "position": {
                        "startLine": 20,
                        "startColumn": 4,
                        "startOffset": 1926,
                        "endColumn": 98,
                        "endOffset": 2020
                    }
                }
            },
            {
                "to": {
                    "startLine": 21,
                    "startColumn": 4,
                    "startOffset": 2025,
                    "endColumn": 83,
                    "endOffset": 2104
                },
                "from": {
                    "file": "/Users/14leec1/.android/build-cache/c5aeb9e01246e9f7fb64d0d5293ae6799d062d8d/output/res/values-uz-rUZ/values-uz-rUZ.xml",
                    "position": {
                        "startLine": 21,
                        "startColumn": 4,
                        "startOffset": 2025,
                        "endColumn": 83,
                        "endOffset": 2104
                    }
                }
            },
            {
                "to": {
                    "startLine": 22,
                    "startColumn": 4,
                    "startOffset": 2109,
                    "endColumn": 100,
                    "endOffset": 2205
                },
                "from": {
                    "file": "/Users/14leec1/.android/build-cache/c5aeb9e01246e9f7fb64d0d5293ae6799d062d8d/output/res/values-uz-rUZ/values-uz-rUZ.xml",
                    "position": {
                        "startLine": 22,
                        "startColumn": 4,
                        "startOffset": 2109,
                        "endColumn": 100,
                        "endOffset": 2205
                    }
                }
            }
        ]
    }
]