[
    {
        "outputFile": "/Users/14leec1/AndroidStudioProjects/AppUsageStats/app/build/intermediates/incremental/mergeDebugResources/merged.dir/values-pt-rBR/values-pt-rBR.xml",
        "map": [
            {
                "to": {
                    "startLine": 2,
                    "startColumn": 4,
                    "startOffset": 105,
                    "endColumn": 119,
                    "endOffset": 220
                },
                "from": {
                    "file": "/Users/14leec1/.android/build-cache/c5aeb9e01246e9f7fb64d0d5293ae6799d062d8d/output/res/values-pt-rBR/values-pt-rBR.xml",
                    "position": {
                        "startLine": 2,
                        "startColumn": 4,
                        "startOffset": 55,
                        "endColumn": 119,
                        "endOffset": 170
                    }
                }
            },
            {
                "to": {
                    "startLine": 3,
                    "startColumn": 4,
                    "startOffset": 225,
                    "endColumn": 107,
                    "endOffset": 328
                },
                "from": {
                    "file": "/Users/14leec1/.android/build-cache/c5aeb9e01246e9f7fb64d0d5293ae6799d062d8d/output/res/values-pt-rBR/values-pt-rBR.xml",
                    "position": {
                        "startLine": 3,
                        "startColumn": 4,
                        "startOffset": 175,
                        "endColumn": 107,
                        "endOffset": 278
                    }
                }
            },
            {
                "to": {
                    "startLine": 4,
                    "startColumn": 4,
                    "startOffset": 333,
                    "endColumn": 122,
                    "endOffset": 451
                },
                "from": {
                    "file": "/Users/14leec1/.android/build-cache/c5aeb9e01246e9f7fb64d0d5293ae6799d062d8d/output/res/values-pt-rBR/values-pt-rBR.xml",
                    "position": {
                        "startLine": 4,
                        "startColumn": 4,
                        "startOffset": 283,
                        "endColumn": 122,
                        "endOffset": 401
                    }
                }
            },
            {
                "to": {
                    "startLine": 5,
                    "startColumn": 4,
                    "startOffset": 456,
                    "endColumn": 105,
                    "endOffset": 557
                },
                "from": {
                    "file": "/Users/14leec1/.android/build-cache/c5aeb9e01246e9f7fb64d0d5293ae6799d062d8d/output/res/values-pt-rBR/values-pt-rBR.xml",
                    "position": {
                        "startLine": 5,
                        "startColumn": 4,
                        "startOffset": 406,
                        "endColumn": 105,
                        "endOffset": 507
                    }
                }
            },
            {
                "to": {
                    "startLine": 6,
                    "startColumn": 4,
                    "startOffset": 562,
                    "endColumn": 106,
                    "endOffset": 664
                },
                "from": {
                    "file": "/Users/14leec1/.android/build-cache/c5aeb9e01246e9f7fb64d0d5293ae6799d062d8d/output/res/values-pt-rBR/values-pt-rBR.xml",
                    "position": {
                        "startLine": 6,
                        "startColumn": 4,
                        "startOffset": 512,
                        "endColumn": 106,
                        "endOffset": 614
                    }
                }
            },
            {
                "to": {
                    "startLine": 7,
                    "startColumn": 4,
                    "startOffset": 669,
                    "endColumn": 88,
                    "endOffset": 753
                },
                "from": {
                    "file": "/Users/14leec1/.android/build-cache/c5aeb9e01246e9f7fb64d0d5293ae6799d062d8d/output/res/values-pt-rBR/values-pt-rBR.xml",
                    "position": {
                        "startLine": 7,
                        "startColumn": 4,
                        "startOffset": 619,
                        "endColumn": 88,
                        "endOffset": 703
                    }
                }
            },
            {
                "to": {
                    "startLine": 8,
                    "startColumn": 4,
                    "startOffset": 758,
                    "endColumn": 100,
                    "endOffset": 854
                },
                "from": {
                    "file": "/Users/14leec1/.android/build-cache/c5aeb9e01246e9f7fb64d0d5293ae6799d062d8d/output/res/values-pt-rBR/values-pt-rBR.xml",
                    "position": {
                        "startLine": 8,
                        "startColumn": 4,
                        "startOffset": 708,
                        "endColumn": 100,
                        "endOffset": 804
                    }
                }
            },
            {
                "to": {
                    "startLine": 9,
                    "startColumn": 4,
                    "startOffset": 859,
                    "endColumn": 117,
                    "endOffset": 972
                },
                "from": {
                    "file": "/Users/14leec1/.android/build-cache/c5aeb9e01246e9f7fb64d0d5293ae6799d062d8d/output/res/values-pt-rBR/values-pt-rBR.xml",
                    "position": {
                        "startLine": 9,
                        "startColumn": 4,
                        "startOffset": 809,
                        "endColumn": 117,
                        "endOffset": 922
                    }
                }
            },
            {
                "to": {
                    "startLine": 10,
                    "startColumn": 4,
                    "startOffset": 977,
                    "endColumn": 82,
                    "endOffset": 1055
                },
                "from": {
                    "file": "/Users/14leec1/.android/build-cache/c5aeb9e01246e9f7fb64d0d5293ae6799d062d8d/output/res/values-pt-rBR/values-pt-rBR.xml",
                    "position": {
                        "startLine": 10,
                        "startColumn": 4,
                        "startOffset": 927,
                        "endColumn": 82,
                        "endOffset": 1005
                    }
                }
            },
            {
                "to": {
                    "startLine": 11,
                    "startColumn": 4,
                    "startOffset": 1060,
                    "endColumn": 79,
                    "endOffset": 1135
                },
                "from": {
                    "file": "/Users/14leec1/.android/build-cache/c5aeb9e01246e9f7fb64d0d5293ae6799d062d8d/output/res/values-pt-rBR/values-pt-rBR.xml",
                    "position": {
                        "startLine": 11,
                        "startColumn": 4,
                        "startOffset": 1010,
                        "endColumn": 79,
                        "endOffset": 1085
                    }
                }
            },
            {
                "to": {
                    "startLine": 12,
                    "startColumn": 4,
                    "startOffset": 1140,
                    "endColumn": 86,
                    "endOffset": 1222
                },
                "from": {
                    "file": "/Users/14leec1/.android/build-cache/c5aeb9e01246e9f7fb64d0d5293ae6799d062d8d/output/res/values-pt-rBR/values-pt-rBR.xml",
                    "position": {
                        "startLine": 12,
                        "startColumn": 4,
                        "startOffset": 1090,
                        "endColumn": 86,
                        "endOffset": 1172
                    }
                }
            },
            {
                "to": {
                    "startLine": 13,
                    "startColumn": 4,
                    "startOffset": 1227,
                    "endColumn": 106,
                    "endOffset": 1329
                },
                "from": {
                    "file": "/Users/14leec1/.android/build-cache/c5aeb9e01246e9f7fb64d0d5293ae6799d062d8d/output/res/values-pt-rBR/values-pt-rBR.xml",
                    "position": {
                        "startLine": 13,
                        "startColumn": 4,
                        "startOffset": 1177,
                        "endColumn": 106,
                        "endOffset": 1279
                    }
                }
            },
            {
                "to": {
                    "startLine": 14,
                    "startColumn": 4,
                    "startOffset": 1334,
                    "endColumn": 111,
                    "endOffset": 1441
                },
                "from": {
                    "file": "/Users/14leec1/.android/build-cache/c5aeb9e01246e9f7fb64d0d5293ae6799d062d8d/output/res/values-pt-rBR/values-pt-rBR.xml",
                    "position": {
                        "startLine": 14,
                        "startColumn": 4,
                        "startOffset": 1284,
                        "endColumn": 111,
                        "endOffset": 1391
                    }
                }
            },
            {
                "to": {
                    "startLine": 15,
                    "startColumn": 4,
                    "startOffset": 1446,
                    "endColumn": 101,
                    "endOffset": 1543
                },
                "from": {
                    "file": "/Users/14leec1/.android/build-cache/c5aeb9e01246e9f7fb64d0d5293ae6799d062d8d/output/res/values-pt-rBR/values-pt-rBR.xml",
                    "position": {
                        "startLine": 15,
                        "startColumn": 4,
                        "startOffset": 1396,
                        "endColumn": 101,
                        "endOffset": 1493
                    }
                }
            },
            {
                "to": {
                    "startLine": 16,
                    "startColumn": 4,
                    "startOffset": 1548,
                    "endColumn": 107,
                    "endOffset": 1651
                },
                "from": {
                    "file": "/Users/14leec1/.android/build-cache/c5aeb9e01246e9f7fb64d0d5293ae6799d062d8d/output/res/values-pt-rBR/values-pt-rBR.xml",
                    "position": {
                        "startLine": 16,
                        "startColumn": 4,
                        "startOffset": 1498,
                        "endColumn": 107,
                        "endOffset": 1601
                    }
                }
            },
            {
                "to": {
                    "startLine": 17,
                    "startColumn": 4,
                    "startOffset": 1656,
                    "endColumn": 106,
                    "endOffset": 1758
                },
                "from": {
                    "file": "/Users/14leec1/.android/build-cache/c5aeb9e01246e9f7fb64d0d5293ae6799d062d8d/output/res/values-pt-rBR/values-pt-rBR.xml",
                    "position": {
                        "startLine": 17,
                        "startColumn": 4,
                        "startOffset": 1606,
                        "endColumn": 106,
                        "endOffset": 1708
                    }
                }
            },
            {
                "to": {
                    "startLine": 18,
                    "startColumn": 4,
                    "startOffset": 1763,
                    "endColumn": 109,
                    "endOffset": 1868
                },
                "from": {
                    "file": "/Users/14leec1/.android/build-cache/c5aeb9e01246e9f7fb64d0d5293ae6799d062d8d/output/res/values-pt-rBR/values-pt-rBR.xml",
                    "position": {
                        "startLine": 18,
                        "startColumn": 4,
                        "startOffset": 1713,
                        "endColumn": 109,
                        "endOffset": 1818
                    }
                }
            },
            {
                "to": {
                    "startLine": 19,
                    "startColumn": 4,
                    "startOffset": 1873,
                    "endColumn": 124,
                    "endOffset": 1993
                },
                "from": {
                    "file": "/Users/14leec1/.android/build-cache/c5aeb9e01246e9f7fb64d0d5293ae6799d062d8d/output/res/values-pt-rBR/values-pt-rBR.xml",
                    "position": {
                        "startLine": 19,
                        "startColumn": 4,
                        "startOffset": 1823,
                        "endColumn": 124,
                        "endOffset": 1943
                    }
                }
            },
            {
                "to": {
                    "startLine": 20,
                    "startColumn": 4,
                    "startOffset": 1998,
                    "endColumn": 99,
                    "endOffset": 2093
                },
                "from": {
                    "file": "/Users/14leec1/.android/build-cache/c5aeb9e01246e9f7fb64d0d5293ae6799d062d8d/output/res/values-pt-rBR/values-pt-rBR.xml",
                    "position": {
                        "startLine": 20,
                        "startColumn": 4,
                        "startOffset": 1948,
                        "endColumn": 99,
                        "endOffset": 2043
                    }
                }
            },
            {
                "to": {
                    "startLine": 21,
                    "startColumn": 4,
                    "startOffset": 2098,
                    "endColumn": 203,
                    "endOffset": 2297
                },
                "from": {
                    "file": "/Users/14leec1/.android/build-cache/ff4967dcef41267c999da54fcc7c7f9e60142282/output/res/values-pt-rBR/values.xml",
                    "position": {
                        "startLine": 4,
                        "startColumn": 0,
                        "startOffset": 289,
                        "endColumn": 203,
                        "endOffset": 492
                    }
                }
            },
            {
                "to": {
                    "startLine": 22,
                    "startColumn": 4,
                    "startOffset": 2302,
                    "endColumn": 84,
                    "endOffset": 2382
                },
                "from": {
                    "file": "/Users/14leec1/.android/build-cache/c5aeb9e01246e9f7fb64d0d5293ae6799d062d8d/output/res/values-pt-rBR/values-pt-rBR.xml",
                    "position": {
                        "startLine": 21,
                        "startColumn": 4,
                        "startOffset": 2048,
                        "endColumn": 84,
                        "endOffset": 2128
                    }
                }
            },
            {
                "to": {
                    "startLine": 23,
                    "startColumn": 4,
                    "startOffset": 2387,
                    "endColumn": 100,
                    "endOffset": 2483
                },
                "from": {
                    "file": "/Users/14leec1/.android/build-cache/c5aeb9e01246e9f7fb64d0d5293ae6799d062d8d/output/res/values-pt-rBR/values-pt-rBR.xml",
                    "position": {
                        "startLine": 22,
                        "startColumn": 4,
                        "startOffset": 2133,
                        "endColumn": 100,
                        "endOffset": 2229
                    }
                }
            }
        ]
    }
]