[
    {
        "outputFile": "/Users/14leec1/AndroidStudioProjects/AppUsageStats/app/build/intermediates/incremental/mergeDebugResources/merged.dir/values-v25/values-v25.xml",
        "map": [
            {
                "to": {
                    "startLine": 2,
                    "startColumn": 4,
                    "startOffset": 55,
                    "endColumn": 70,
                    "endOffset": 121
                },
                "from": {
                    "file": "/Users/14leec1/.android/build-cache/c5aeb9e01246e9f7fb64d0d5293ae6799d062d8d/output/res/values-v25/values-v25.xml",
                    "position": {
                        "startLine": 2,
                        "startColumn": 4,
                        "startOffset": 55,
                        "endColumn": 70,
                        "endOffset": 121
                    }
                }
            },
            {
                "to": {
                    "startLine": 3,
                    "startColumn": 4,
                    "startOffset": 126,
                    "endColumn": 82,
                    "endOffset": 204
                },
                "from": {
                    "file": "/Users/14leec1/.android/build-cache/c5aeb9e01246e9f7fb64d0d5293ae6799d062d8d/output/res/values-v25/values-v25.xml",
                    "position": {
                        "startLine": 3,
                        "startColumn": 4,
                        "startOffset": 126,
                        "endColumn": 82,
                        "endOffset": 204
                    }
                }
            },
            {
                "to": {
                    "startLine": 4,
                    "startColumn": 4,
                    "startOffset": 209,
                    "endLine": 5,
                    "endColumn": 12,
                    "endOffset": 303
                },
                "from": {
                    "file": "/Users/14leec1/.android/build-cache/c5aeb9e01246e9f7fb64d0d5293ae6799d062d8d/output/res/values-v25/values-v25.xml",
                    "position": {
                        "startLine": 4,
                        "startColumn": 4,
                        "startOffset": 209,
                        "endLine": 5,
                        "endColumn": 12,
                        "endOffset": 303
                    }
                }
            },
            {
                "to": {
                    "startLine": 6,
                    "startColumn": 4,
                    "startOffset": 308,
                    "endLine": 7,
                    "endColumn": 12,
                    "endOffset": 414
                },
                "from": {
                    "file": "/Users/14leec1/.android/build-cache/c5aeb9e01246e9f7fb64d0d5293ae6799d062d8d/output/res/values-v25/values-v25.xml",
                    "position": {
                        "startLine": 6,
                        "startColumn": 4,
                        "startOffset": 308,
                        "endLine": 7,
                        "endColumn": 12,
                        "endOffset": 414
                    }
                }
            }
        ]
    }
]