[
    {
        "outputFile": "/Users/14leec1/AndroidStudioProjects/AppUsageStats/app/build/intermediates/incremental/mergeDebugResources/merged.dir/values-v21/values-v21.xml",
        "map": [
            {
                "to": {
                    "startLine": 2,
                    "startColumn": 4,
                    "startOffset": 55,
                    "endColumn": 103,
                    "endOffset": 154
                },
                "from": {
                    "file": "/Users/14leec1/.android/build-cache/c5aeb9e01246e9f7fb64d0d5293ae6799d062d8d/output/res/values-v21/values-v21.xml",
                    "position": {
                        "startLine": 2,
                        "startColumn": 4,
                        "startOffset": 55,
                        "endColumn": 103,
                        "endOffset": 154
                    }
                }
            },
            {
                "to": {
                    "startLine": 3,
                    "startColumn": 4,
                    "startOffset": 159,
                    "endColumn": 63,
                    "endOffset": 218
                },
                "from": {
                    "file": "/Users/14leec1/.android/build-cache/c5aeb9e01246e9f7fb64d0d5293ae6799d062d8d/output/res/values-v21/values-v21.xml",
                    "position": {
                        "startLine": 3,
                        "startColumn": 4,
                        "startOffset": 159,
                        "endColumn": 63,
                        "endOffset": 218
                    }
                }
            },
            {
                "to": {
                    "startLine": 4,
                    "startColumn": 4,
                    "startOffset": 223,
                    "endColumn": 66,
                    "endOffset": 285
                },
                "from": {
                    "file": "/Users/14leec1/.android/build-cache/c5aeb9e01246e9f7fb64d0d5293ae6799d062d8d/output/res/values-v21/values-v21.xml",
                    "position": {
                        "startLine": 4,
                        "startColumn": 4,
                        "startOffset": 223,
                        "endColumn": 66,
                        "endOffset": 285
                    }
                }
            },
            {
                "to": {
                    "startLine": 5,
                    "startColumn": 4,
                    "startOffset": 290,
                    "endColumn": 63,
                    "endOffset": 349
                },
                "from": {
                    "file": "/Users/14leec1/.android/build-cache/c5aeb9e01246e9f7fb64d0d5293ae6799d062d8d/output/res/values-v21/values-v21.xml",
                    "position": {
                        "startLine": 5,
                        "startColumn": 4,
                        "startOffset": 290,
                        "endColumn": 63,
                        "endOffset": 349
                    }
                }
            },
            {
                "to": {
                    "startLine": 6,
                    "startColumn": 4,
                    "startOffset": 354,
                    "endColumn": 90,
                    "endOffset": 440
                },
                "from": {
                    "file": "/Users/14leec1/.android/build-cache/c5aeb9e01246e9f7fb64d0d5293ae6799d062d8d/output/res/values-v21/values-v21.xml",
                    "position": {
                        "startLine": 6,
                        "startColumn": 4,
                        "startOffset": 354,
                        "endColumn": 90,
                        "endOffset": 440
                    }
                }
            },
            {
                "to": {
                    "startLine": 7,
                    "startColumn": 4,
                    "startOffset": 445,
                    "endColumn": 102,
                    "endOffset": 543
                },
                "from": {
                    "file": "/Users/14leec1/.android/build-cache/c5aeb9e01246e9f7fb64d0d5293ae6799d062d8d/output/res/values-v21/values-v21.xml",
                    "position": {
                        "startLine": 7,
                        "startColumn": 4,
                        "startOffset": 445,
                        "endColumn": 102,
                        "endOffset": 543
                    }
                }
            },
            {
                "to": {
                    "startLine": 8,
                    "startColumn": 4,
                    "startOffset": 548,
                    "endColumn": 102,
                    "endOffset": 646
                },
                "from": {
                    "file": "/Users/14leec1/.android/build-cache/c5aeb9e01246e9f7fb64d0d5293ae6799d062d8d/output/res/values-v21/values-v21.xml",
                    "position": {
                        "startLine": 8,
                        "startColumn": 4,
                        "startOffset": 548,
                        "endColumn": 102,
                        "endOffset": 646
                    }
                }
            },
            {
                "to": {
                    "startLine": 9,
                    "startColumn": 4,
                    "startOffset": 651,
                    "endColumn": 104,
                    "endOffset": 751
                },
                "from": {
                    "file": "/Users/14leec1/.android/build-cache/c5aeb9e01246e9f7fb64d0d5293ae6799d062d8d/output/res/values-v21/values-v21.xml",
                    "position": {
                        "startLine": 9,
                        "startColumn": 4,
                        "startOffset": 651,
                        "endColumn": 104,
                        "endOffset": 751
                    }
                }
            },
            {
                "to": {
                    "startLine": 10,
                    "startColumn": 4,
                    "startOffset": 756,
                    "endColumn": 106,
                    "endOffset": 858
                },
                "from": {
                    "file": "/Users/14leec1/.android/build-cache/c5aeb9e01246e9f7fb64d0d5293ae6799d062d8d/output/res/values-v21/values-v21.xml",
                    "position": {
                        "startLine": 10,
                        "startColumn": 4,
                        "startOffset": 756,
                        "endColumn": 106,
                        "endOffset": 858
                    }
                }
            },
            {
                "to": {
                    "startLine": 11,
                    "startColumn": 4,
                    "startOffset": 863,
                    "endColumn": 108,
                    "endOffset": 967
                },
                "from": {
                    "file": "/Users/14leec1/.android/build-cache/c5aeb9e01246e9f7fb64d0d5293ae6799d062d8d/output/res/values-v21/values-v21.xml",
                    "position": {
                        "startLine": 11,
                        "startColumn": 4,
                        "startOffset": 863,
                        "endColumn": 108,
                        "endOffset": 967
                    }
                }
            },
            {
                "to": {
                    "startLine": 12,
                    "startColumn": 4,
                    "startOffset": 972,
                    "endColumn": 108,
                    "endOffset": 1076
                },
                "from": {
                    "file": "/Users/14leec1/.android/build-cache/c5aeb9e01246e9f7fb64d0d5293ae6799d062d8d/output/res/values-v21/values-v21.xml",
                    "position": {
                        "startLine": 12,
                        "startColumn": 4,
                        "startOffset": 972,
                        "endColumn": 108,
                        "endOffset": 1076
                    }
                }
            },
            {
                "to": {
                    "startLine": 13,
                    "startColumn": 4,
                    "startOffset": 1081,
                    "endColumn": 108,
                    "endOffset": 1185
                },
                "from": {
                    "file": "/Users/14leec1/.android/build-cache/c5aeb9e01246e9f7fb64d0d5293ae6799d062d8d/output/res/values-v21/values-v21.xml",
                    "position": {
                        "startLine": 13,
                        "startColumn": 4,
                        "startOffset": 1081,
                        "endColumn": 108,
                        "endOffset": 1185
                    }
                }
            },
            {
                "to": {
                    "startLine": 14,
                    "startColumn": 4,
                    "startOffset": 1190,
                    "endColumn": 108,
                    "endOffset": 1294
                },
                "from": {
                    "file": "/Users/14leec1/.android/build-cache/c5aeb9e01246e9f7fb64d0d5293ae6799d062d8d/output/res/values-v21/values-v21.xml",
                    "position": {
                        "startLine": 14,
                        "startColumn": 4,
                        "startOffset": 1190,
                        "endColumn": 108,
                        "endOffset": 1294
                    }
                }
            },
            {
                "to": {
                    "startLine": 15,
                    "startColumn": 4,
                    "startOffset": 1299,
                    "endColumn": 108,
                    "endOffset": 1403
                },
                "from": {
                    "file": "/Users/14leec1/.android/build-cache/c5aeb9e01246e9f7fb64d0d5293ae6799d062d8d/output/res/values-v21/values-v21.xml",
                    "position": {
                        "startLine": 15,
                        "startColumn": 4,
                        "startOffset": 1299,
                        "endColumn": 108,
                        "endOffset": 1403
                    }
                }
            },
            {
                "to": {
                    "startLine": 16,
                    "startColumn": 4,
                    "startOffset": 1408,
                    "endColumn": 106,
                    "endOffset": 1510
                },
                "from": {
                    "file": "/Users/14leec1/.android/build-cache/c5aeb9e01246e9f7fb64d0d5293ae6799d062d8d/output/res/values-v21/values-v21.xml",
                    "position": {
                        "startLine": 16,
                        "startColumn": 4,
                        "startOffset": 1408,
                        "endColumn": 106,
                        "endOffset": 1510
                    }
                }
            },
            {
                "to": {
                    "startLine": 17,
                    "startColumn": 4,
                    "startOffset": 1515,
                    "endColumn": 102,
                    "endOffset": 1613
                },
                "from": {
                    "file": "/Users/14leec1/.android/build-cache/c5aeb9e01246e9f7fb64d0d5293ae6799d062d8d/output/res/values-v21/values-v21.xml",
                    "position": {
                        "startLine": 17,
                        "startColumn": 4,
                        "startOffset": 1515,
                        "endColumn": 102,
                        "endOffset": 1613
                    }
                }
            },
            {
                "to": {
                    "startLine": 18,
                    "startColumn": 4,
                    "startOffset": 1618,
                    "endColumn": 118,
                    "endOffset": 1732
                },
                "from": {
                    "file": "/Users/14leec1/.android/build-cache/c5aeb9e01246e9f7fb64d0d5293ae6799d062d8d/output/res/values-v21/values-v21.xml",
                    "position": {
                        "startLine": 18,
                        "startColumn": 4,
                        "startOffset": 1618,
                        "endColumn": 118,
                        "endOffset": 1732
                    }
                }
            },
            {
                "to": {
                    "startLine": 19,
                    "startColumn": 4,
                    "startOffset": 1737,
                    "endLine": 20,
                    "endColumn": 12,
                    "endOffset": 1887
                },
                "from": {
                    "file": "/Users/14leec1/.android/build-cache/c5aeb9e01246e9f7fb64d0d5293ae6799d062d8d/output/res/values-v21/values-v21.xml",
                    "position": {
                        "startLine": 19,
                        "startColumn": 4,
                        "startOffset": 1737,
                        "endLine": 20,
                        "endColumn": 12,
                        "endOffset": 1887
                    }
                }
            },
            {
                "to": {
                    "startLine": 21,
                    "startColumn": 4,
                    "startOffset": 1892,
                    "endLine": 22,
                    "endColumn": 12,
                    "endOffset": 2042
                },
                "from": {
                    "file": "/Users/14leec1/.android/build-cache/c5aeb9e01246e9f7fb64d0d5293ae6799d062d8d/output/res/values-v21/values-v21.xml",
                    "position": {
                        "startLine": 21,
                        "startColumn": 4,
                        "startOffset": 1892,
                        "endLine": 22,
                        "endColumn": 12,
                        "endOffset": 2042
                    }
                }
            },
            {
                "to": {
                    "startLine": 23,
                    "startColumn": 4,
                    "startOffset": 2047,
                    "endColumn": 104,
                    "endOffset": 2147
                },
                "from": {
                    "file": "/Users/14leec1/.android/build-cache/c5aeb9e01246e9f7fb64d0d5293ae6799d062d8d/output/res/values-v21/values-v21.xml",
                    "position": {
                        "startLine": 23,
                        "startColumn": 4,
                        "startOffset": 2047,
                        "endColumn": 104,
                        "endOffset": 2147
                    }
                }
            },
            {
                "to": {
                    "startLine": 24,
                    "startColumn": 4,
                    "startOffset": 2152,
                    "endColumn": 120,
                    "endOffset": 2268
                },
                "from": {
                    "file": "/Users/14leec1/.android/build-cache/c5aeb9e01246e9f7fb64d0d5293ae6799d062d8d/output/res/values-v21/values-v21.xml",
                    "position": {
                        "startLine": 24,
                        "startColumn": 4,
                        "startOffset": 2152,
                        "endColumn": 120,
                        "endOffset": 2268
                    }
                }
            },
            {
                "to": {
                    "startLine": 25,
                    "startColumn": 4,
                    "startOffset": 2273,
                    "endColumn": 100,
                    "endOffset": 2369
                },
                "from": {
                    "file": "/Users/14leec1/.android/build-cache/c5aeb9e01246e9f7fb64d0d5293ae6799d062d8d/output/res/values-v21/values-v21.xml",
                    "position": {
                        "startLine": 25,
                        "startColumn": 4,
                        "startOffset": 2273,
                        "endColumn": 100,
                        "endOffset": 2369
                    }
                }
            },
            {
                "to": {
                    "startLine": 26,
                    "startColumn": 4,
                    "startOffset": 2374,
                    "endLine": 27,
                    "endColumn": 12,
                    "endOffset": 2516
                },
                "from": {
                    "file": "/Users/14leec1/.android/build-cache/c5aeb9e01246e9f7fb64d0d5293ae6799d062d8d/output/res/values-v21/values-v21.xml",
                    "position": {
                        "startLine": 26,
                        "startColumn": 4,
                        "startOffset": 2374,
                        "endLine": 27,
                        "endColumn": 12,
                        "endOffset": 2516
                    }
                }
            },
            {
                "to": {
                    "startLine": 28,
                    "startColumn": 4,
                    "startOffset": 2521,
                    "endLine": 29,
                    "endColumn": 12,
                    "endOffset": 2657
                },
                "from": {
                    "file": "/Users/14leec1/.android/build-cache/c5aeb9e01246e9f7fb64d0d5293ae6799d062d8d/output/res/values-v21/values-v21.xml",
                    "position": {
                        "startLine": 28,
                        "startColumn": 4,
                        "startOffset": 2521,
                        "endLine": 29,
                        "endColumn": 12,
                        "endOffset": 2657
                    }
                }
            },
            {
                "to": {
                    "startLine": 30,
                    "startColumn": 4,
                    "startOffset": 2662,
                    "endColumn": 102,
                    "endOffset": 2760
                },
                "from": {
                    "file": "/Users/14leec1/.android/build-cache/c5aeb9e01246e9f7fb64d0d5293ae6799d062d8d/output/res/values-v21/values-v21.xml",
                    "position": {
                        "startLine": 30,
                        "startColumn": 4,
                        "startOffset": 2662,
                        "endColumn": 102,
                        "endOffset": 2760
                    }
                }
            },
            {
                "to": {
                    "startLine": 31,
                    "startColumn": 4,
                    "startOffset": 2765,
                    "endColumn": 118,
                    "endOffset": 2879
                },
                "from": {
                    "file": "/Users/14leec1/.android/build-cache/c5aeb9e01246e9f7fb64d0d5293ae6799d062d8d/output/res/values-v21/values-v21.xml",
                    "position": {
                        "startLine": 31,
                        "startColumn": 4,
                        "startOffset": 2765,
                        "endColumn": 118,
                        "endOffset": 2879
                    }
                }
            },
            {
                "to": {
                    "startLine": 32,
                    "startColumn": 4,
                    "startOffset": 2884,
                    "endColumn": 106,
                    "endOffset": 2986
                },
                "from": {
                    "file": "/Users/14leec1/.android/build-cache/c5aeb9e01246e9f7fb64d0d5293ae6799d062d8d/output/res/values-v21/values-v21.xml",
                    "position": {
                        "startLine": 32,
                        "startColumn": 4,
                        "startOffset": 2884,
                        "endColumn": 106,
                        "endOffset": 2986
                    }
                }
            },
            {
                "to": {
                    "startLine": 33,
                    "startColumn": 4,
                    "startOffset": 2991,
                    "endColumn": 102,
                    "endOffset": 3089
                },
                "from": {
                    "file": "/Users/14leec1/.android/build-cache/c5aeb9e01246e9f7fb64d0d5293ae6799d062d8d/output/res/values-v21/values-v21.xml",
                    "position": {
                        "startLine": 33,
                        "startColumn": 4,
                        "startOffset": 2991,
                        "endColumn": 102,
                        "endOffset": 3089
                    }
                }
            },
            {
                "to": {
                    "startLine": 34,
                    "startColumn": 4,
                    "startOffset": 3094,
                    "endLine": 35,
                    "endColumn": 12,
                    "endOffset": 3244
                },
                "from": {
                    "file": "/Users/14leec1/.android/build-cache/c5aeb9e01246e9f7fb64d0d5293ae6799d062d8d/output/res/values-v21/values-v21.xml",
                    "position": {
                        "startLine": 34,
                        "startColumn": 4,
                        "startOffset": 3094,
                        "endLine": 35,
                        "endColumn": 12,
                        "endOffset": 3244
                    }
                }
            },
            {
                "to": {
                    "startLine": 36,
                    "startColumn": 4,
                    "startOffset": 3249,
                    "endLine": 37,
                    "endColumn": 12,
                    "endOffset": 3415
                },
                "from": {
                    "file": "/Users/14leec1/.android/build-cache/c5aeb9e01246e9f7fb64d0d5293ae6799d062d8d/output/res/values-v21/values-v21.xml",
                    "position": {
                        "startLine": 36,
                        "startColumn": 4,
                        "startOffset": 3249,
                        "endLine": 37,
                        "endColumn": 12,
                        "endOffset": 3415
                    }
                }
            },
            {
                "to": {
                    "startLine": 38,
                    "startColumn": 4,
                    "startOffset": 3420,
                    "endLine": 39,
                    "endColumn": 12,
                    "endOffset": 3564
                },
                "from": {
                    "file": "/Users/14leec1/.android/build-cache/c5aeb9e01246e9f7fb64d0d5293ae6799d062d8d/output/res/values-v21/values-v21.xml",
                    "position": {
                        "startLine": 38,
                        "startColumn": 4,
                        "startOffset": 3420,
                        "endLine": 39,
                        "endColumn": 12,
                        "endOffset": 3564
                    }
                }
            },
            {
                "to": {
                    "startLine": 40,
                    "startColumn": 4,
                    "startOffset": 3569,
                    "endLine": 41,
                    "endColumn": 12,
                    "endOffset": 3729
                },
                "from": {
                    "file": "/Users/14leec1/.android/build-cache/c5aeb9e01246e9f7fb64d0d5293ae6799d062d8d/output/res/values-v21/values-v21.xml",
                    "position": {
                        "startLine": 40,
                        "startColumn": 4,
                        "startOffset": 3569,
                        "endLine": 41,
                        "endColumn": 12,
                        "endOffset": 3729
                    }
                }
            },
            {
                "to": {
                    "startLine": 42,
                    "startColumn": 4,
                    "startOffset": 3734,
                    "endLine": 43,
                    "endColumn": 12,
                    "endOffset": 3886
                },
                "from": {
                    "file": "/Users/14leec1/.android/build-cache/c5aeb9e01246e9f7fb64d0d5293ae6799d062d8d/output/res/values-v21/values-v21.xml",
                    "position": {
                        "startLine": 42,
                        "startColumn": 4,
                        "startOffset": 3734,
                        "endLine": 43,
                        "endColumn": 12,
                        "endOffset": 3886
                    }
                }
            },
            {
                "to": {
                    "startLine": 44,
                    "startColumn": 4,
                    "startOffset": 3891,
                    "endLine": 45,
                    "endColumn": 12,
                    "endOffset": 4037
                },
                "from": {
                    "file": "/Users/14leec1/.android/build-cache/c5aeb9e01246e9f7fb64d0d5293ae6799d062d8d/output/res/values-v21/values-v21.xml",
                    "position": {
                        "startLine": 44,
                        "startColumn": 4,
                        "startOffset": 3891,
                        "endLine": 45,
                        "endColumn": 12,
                        "endOffset": 4037
                    }
                }
            },
            {
                "to": {
                    "startLine": 46,
                    "startColumn": 4,
                    "startOffset": 4042,
                    "endColumn": 118,
                    "endOffset": 4156
                },
                "from": {
                    "file": "/Users/14leec1/.android/build-cache/c5aeb9e01246e9f7fb64d0d5293ae6799d062d8d/output/res/values-v21/values-v21.xml",
                    "position": {
                        "startLine": 46,
                        "startColumn": 4,
                        "startOffset": 4042,
                        "endColumn": 118,
                        "endOffset": 4156
                    }
                }
            },
            {
                "to": {
                    "startLine": 47,
                    "startColumn": 4,
                    "startOffset": 4161,
                    "endLine": 51,
                    "endColumn": 12,
                    "endOffset": 4528
                },
                "from": {
                    "file": "/Users/14leec1/.android/build-cache/c5aeb9e01246e9f7fb64d0d5293ae6799d062d8d/output/res/values-v21/values-v21.xml",
                    "position": {
                        "startLine": 47,
                        "startColumn": 4,
                        "startOffset": 4161,
                        "endLine": 51,
                        "endColumn": 12,
                        "endOffset": 4528
                    }
                }
            },
            {
                "to": {
                    "startLine": 52,
                    "startColumn": 4,
                    "startOffset": 4533,
                    "endLine": 53,
                    "endColumn": 12,
                    "endOffset": 4677
                },
                "from": {
                    "file": "/Users/14leec1/.android/build-cache/c5aeb9e01246e9f7fb64d0d5293ae6799d062d8d/output/res/values-v21/values-v21.xml",
                    "position": {
                        "startLine": 52,
                        "startColumn": 4,
                        "startOffset": 4533,
                        "endLine": 53,
                        "endColumn": 12,
                        "endOffset": 4677
                    }
                }
            },
            {
                "to": {
                    "startLine": 54,
                    "startColumn": 4,
                    "startOffset": 4682,
                    "endLine": 55,
                    "endColumn": 12,
                    "endOffset": 4826
                },
                "from": {
                    "file": "/Users/14leec1/.android/build-cache/c5aeb9e01246e9f7fb64d0d5293ae6799d062d8d/output/res/values-v21/values-v21.xml",
                    "position": {
                        "startLine": 54,
                        "startColumn": 4,
                        "startOffset": 4682,
                        "endLine": 55,
                        "endColumn": 12,
                        "endOffset": 4826
                    }
                }
            },
            {
                "to": {
                    "startLine": 56,
                    "startColumn": 4,
                    "startOffset": 4831,
                    "endColumn": 111,
                    "endOffset": 4938
                },
                "from": {
                    "file": "/Users/14leec1/.android/build-cache/c5aeb9e01246e9f7fb64d0d5293ae6799d062d8d/output/res/values-v21/values-v21.xml",
                    "position": {
                        "startLine": 56,
                        "startColumn": 4,
                        "startOffset": 4831,
                        "endColumn": 111,
                        "endOffset": 4938
                    }
                }
            },
            {
                "to": {
                    "startLine": 57,
                    "startColumn": 4,
                    "startOffset": 4943,
                    "endColumn": 146,
                    "endOffset": 5085
                },
                "from": {
                    "file": "/Users/14leec1/.android/build-cache/c5aeb9e01246e9f7fb64d0d5293ae6799d062d8d/output/res/values-v21/values-v21.xml",
                    "position": {
                        "startLine": 57,
                        "startColumn": 4,
                        "startOffset": 4943,
                        "endColumn": 146,
                        "endOffset": 5085
                    }
                }
            },
            {
                "to": {
                    "startLine": 58,
                    "startColumn": 4,
                    "startOffset": 5090,
                    "endLine": 59,
                    "endColumn": 12,
                    "endOffset": 5238
                },
                "from": {
                    "file": "/Users/14leec1/.android/build-cache/c5aeb9e01246e9f7fb64d0d5293ae6799d062d8d/output/res/values-v21/values-v21.xml",
                    "position": {
                        "startLine": 58,
                        "startColumn": 4,
                        "startOffset": 5090,
                        "endLine": 59,
                        "endColumn": 12,
                        "endOffset": 5238
                    }
                }
            },
            {
                "to": {
                    "startLine": 60,
                    "startColumn": 4,
                    "startOffset": 5243,
                    "endLine": 61,
                    "endColumn": 12,
                    "endOffset": 5385
                },
                "from": {
                    "file": "/Users/14leec1/.android/build-cache/c5aeb9e01246e9f7fb64d0d5293ae6799d062d8d/output/res/values-v21/values-v21.xml",
                    "position": {
                        "startLine": 60,
                        "startColumn": 4,
                        "startOffset": 5243,
                        "endLine": 61,
                        "endColumn": 12,
                        "endOffset": 5385
                    }
                }
            },
            {
                "to": {
                    "startLine": 62,
                    "startColumn": 4,
                    "startOffset": 5390,
                    "endColumn": 74,
                    "endOffset": 5460
                },
                "from": {
                    "file": "/Users/14leec1/.android/build-cache/c5aeb9e01246e9f7fb64d0d5293ae6799d062d8d/output/res/values-v21/values-v21.xml",
                    "position": {
                        "startLine": 62,
                        "startColumn": 4,
                        "startOffset": 5390,
                        "endColumn": 74,
                        "endOffset": 5460
                    }
                }
            },
            {
                "to": {
                    "startLine": 63,
                    "startColumn": 4,
                    "startOffset": 5465,
                    "endColumn": 88,
                    "endOffset": 5549
                },
                "from": {
                    "file": "/Users/14leec1/.android/build-cache/c5aeb9e01246e9f7fb64d0d5293ae6799d062d8d/output/res/values-v21/values-v21.xml",
                    "position": {
                        "startLine": 63,
                        "startColumn": 4,
                        "startOffset": 5465,
                        "endColumn": 88,
                        "endOffset": 5549
                    }
                }
            },
            {
                "to": {
                    "startLine": 64,
                    "startColumn": 4,
                    "startOffset": 5554,
                    "endColumn": 86,
                    "endOffset": 5636
                },
                "from": {
                    "file": "/Users/14leec1/.android/build-cache/c5aeb9e01246e9f7fb64d0d5293ae6799d062d8d/output/res/values-v21/values-v21.xml",
                    "position": {
                        "startLine": 64,
                        "startColumn": 4,
                        "startOffset": 5554,
                        "endColumn": 86,
                        "endOffset": 5636
                    }
                }
            },
            {
                "to": {
                    "startLine": 65,
                    "startColumn": 4,
                    "startOffset": 5641,
                    "endColumn": 100,
                    "endOffset": 5737
                },
                "from": {
                    "file": "/Users/14leec1/.android/build-cache/c5aeb9e01246e9f7fb64d0d5293ae6799d062d8d/output/res/values-v21/values-v21.xml",
                    "position": {
                        "startLine": 65,
                        "startColumn": 4,
                        "startOffset": 5641,
                        "endColumn": 100,
                        "endOffset": 5737
                    }
                }
            },
            {
                "to": {
                    "startLine": 66,
                    "startColumn": 4,
                    "startOffset": 5742,
                    "endColumn": 102,
                    "endOffset": 5840
                },
                "from": {
                    "file": "/Users/14leec1/.android/build-cache/c5aeb9e01246e9f7fb64d0d5293ae6799d062d8d/output/res/values-v21/values-v21.xml",
                    "position": {
                        "startLine": 66,
                        "startColumn": 4,
                        "startOffset": 5742,
                        "endColumn": 102,
                        "endOffset": 5840
                    }
                }
            },
            {
                "to": {
                    "startLine": 67,
                    "startColumn": 4,
                    "startOffset": 5845,
                    "endLine": 110,
                    "endColumn": 12,
                    "endOffset": 8908
                },
                "from": {
                    "file": "/Users/14leec1/.android/build-cache/c5aeb9e01246e9f7fb64d0d5293ae6799d062d8d/output/res/values-v21/values-v21.xml",
                    "position": {
                        "startLine": 67,
                        "startColumn": 4,
                        "startOffset": 5845,
                        "endLine": 110,
                        "endColumn": 12,
                        "endOffset": 8908
                    }
                }
            },
            {
                "to": {
                    "startLine": 111,
                    "startColumn": 4,
                    "startOffset": 8913,
                    "endLine": 113,
                    "endColumn": 12,
                    "endOffset": 9094
                },
                "from": {
                    "file": "/Users/14leec1/.android/build-cache/c5aeb9e01246e9f7fb64d0d5293ae6799d062d8d/output/res/values-v21/values-v21.xml",
                    "position": {
                        "startLine": 111,
                        "startColumn": 4,
                        "startOffset": 8913,
                        "endLine": 113,
                        "endColumn": 12,
                        "endOffset": 9094
                    }
                }
            },
            {
                "to": {
                    "startLine": 114,
                    "startColumn": 4,
                    "startOffset": 9099,
                    "endLine": 157,
                    "endColumn": 12,
                    "endOffset": 12174
                },
                "from": {
                    "file": "/Users/14leec1/.android/build-cache/c5aeb9e01246e9f7fb64d0d5293ae6799d062d8d/output/res/values-v21/values-v21.xml",
                    "position": {
                        "startLine": 114,
                        "startColumn": 4,
                        "startOffset": 9099,
                        "endLine": 157,
                        "endColumn": 12,
                        "endOffset": 12174
                    }
                }
            },
            {
                "to": {
                    "startLine": 158,
                    "startColumn": 4,
                    "startOffset": 12179,
                    "endLine": 160,
                    "endColumn": 12,
                    "endOffset": 12372
                },
                "from": {
                    "file": "/Users/14leec1/.android/build-cache/c5aeb9e01246e9f7fb64d0d5293ae6799d062d8d/output/res/values-v21/values-v21.xml",
                    "position": {
                        "startLine": 158,
                        "startColumn": 4,
                        "startOffset": 12179,
                        "endLine": 160,
                        "endColumn": 12,
                        "endOffset": 12372
                    }
                }
            },
            {
                "to": {
                    "startLine": 161,
                    "startColumn": 4,
                    "startOffset": 12377,
                    "endLine": 163,
                    "endColumn": 12,
                    "endOffset": 12572
                },
                "from": {
                    "file": "/Users/14leec1/.android/build-cache/c5aeb9e01246e9f7fb64d0d5293ae6799d062d8d/output/res/values-v21/values-v21.xml",
                    "position": {
                        "startLine": 161,
                        "startColumn": 4,
                        "startOffset": 12377,
                        "endLine": 163,
                        "endColumn": 12,
                        "endOffset": 12572
                    }
                }
            },
            {
                "to": {
                    "startLine": 164,
                    "startColumn": 4,
                    "startOffset": 12577,
                    "endLine": 165,
                    "endColumn": 12,
                    "endOffset": 12695
                },
                "from": {
                    "file": "/Users/14leec1/.android/build-cache/c5aeb9e01246e9f7fb64d0d5293ae6799d062d8d/output/res/values-v21/values-v21.xml",
                    "position": {
                        "startLine": 164,
                        "startColumn": 4,
                        "startOffset": 12577,
                        "endLine": 165,
                        "endColumn": 12,
                        "endOffset": 12695
                    }
                }
            },
            {
                "to": {
                    "startLine": 166,
                    "startColumn": 4,
                    "startOffset": 12700,
                    "endLine": 167,
                    "endColumn": 12,
                    "endOffset": 12818
                },
                "from": {
                    "file": "/Users/14leec1/.android/build-cache/c5aeb9e01246e9f7fb64d0d5293ae6799d062d8d/output/res/values-v21/values-v21.xml",
                    "position": {
                        "startLine": 166,
                        "startColumn": 4,
                        "startOffset": 12700,
                        "endLine": 167,
                        "endColumn": 12,
                        "endOffset": 12818
                    }
                }
            },
            {
                "to": {
                    "startLine": 168,
                    "startColumn": 4,
                    "startOffset": 12823,
                    "endLine": 169,
                    "endColumn": 12,
                    "endOffset": 12931
                },
                "from": {
                    "file": "/Users/14leec1/.android/build-cache/c5aeb9e01246e9f7fb64d0d5293ae6799d062d8d/output/res/values-v21/values-v21.xml",
                    "position": {
                        "startLine": 168,
                        "startColumn": 4,
                        "startOffset": 12823,
                        "endLine": 169,
                        "endColumn": 12,
                        "endOffset": 12931
                    }
                }
            },
            {
                "to": {
                    "startLine": 170,
                    "startColumn": 4,
                    "startOffset": 12936,
                    "endLine": 172,
                    "endColumn": 12,
                    "endOffset": 13114
                },
                "from": {
                    "file": "/Users/14leec1/.android/build-cache/c5aeb9e01246e9f7fb64d0d5293ae6799d062d8d/output/res/values-v21/values-v21.xml",
                    "position": {
                        "startLine": 170,
                        "startColumn": 4,
                        "startOffset": 12936,
                        "endLine": 172,
                        "endColumn": 12,
                        "endOffset": 13114
                    }
                }
            },
            {
                "to": {
                    "startLine": 173,
                    "startColumn": 4,
                    "startOffset": 13119,
                    "endLine": 174,
                    "endColumn": 12,
                    "endOffset": 13245
                },
                "from": {
                    "file": "/Users/14leec1/.android/build-cache/c5aeb9e01246e9f7fb64d0d5293ae6799d062d8d/output/res/values-v21/values-v21.xml",
                    "position": {
                        "startLine": 173,
                        "startColumn": 4,
                        "startOffset": 13119,
                        "endLine": 174,
                        "endColumn": 12,
                        "endOffset": 13245
                    }
                }
            },
            {
                "to": {
                    "startLine": 175,
                    "startColumn": 4,
                    "startOffset": 13250,
                    "endLine": 177,
                    "endColumn": 12,
                    "endOffset": 13446
                },
                "from": {
                    "file": "/Users/14leec1/.android/build-cache/c5aeb9e01246e9f7fb64d0d5293ae6799d062d8d/output/res/values-v21/values-v21.xml",
                    "position": {
                        "startLine": 175,
                        "startColumn": 4,
                        "startOffset": 13250,
                        "endLine": 177,
                        "endColumn": 12,
                        "endOffset": 13446
                    }
                }
            },
            {
                "to": {
                    "startLine": 178,
                    "startColumn": 4,
                    "startOffset": 13451,
                    "endColumn": 88,
                    "endOffset": 13535
                },
                "from": {
                    "file": "/Users/14leec1/.android/build-cache/c5aeb9e01246e9f7fb64d0d5293ae6799d062d8d/output/res/values-v21/values-v21.xml",
                    "position": {
                        "startLine": 178,
                        "startColumn": 4,
                        "startOffset": 13451,
                        "endColumn": 88,
                        "endOffset": 13535
                    }
                }
            },
            {
                "to": {
                    "startLine": 179,
                    "startColumn": 4,
                    "startOffset": 13540,
                    "endColumn": 110,
                    "endOffset": 13646
                },
                "from": {
                    "file": "/Users/14leec1/.android/build-cache/c5aeb9e01246e9f7fb64d0d5293ae6799d062d8d/output/res/values-v21/values-v21.xml",
                    "position": {
                        "startLine": 179,
                        "startColumn": 4,
                        "startOffset": 13540,
                        "endColumn": 110,
                        "endOffset": 13646
                    }
                }
            },
            {
                "to": {
                    "startLine": 180,
                    "startColumn": 4,
                    "startOffset": 13651,
                    "endLine": 182,
                    "endColumn": 12,
                    "endOffset": 13879
                },
                "from": {
                    "file": "/Users/14leec1/.android/build-cache/c5aeb9e01246e9f7fb64d0d5293ae6799d062d8d/output/res/values-v21/values-v21.xml",
                    "position": {
                        "startLine": 180,
                        "startColumn": 4,
                        "startOffset": 13651,
                        "endLine": 182,
                        "endColumn": 12,
                        "endOffset": 13879
                    }
                }
            },
            {
                "to": {
                    "startLine": 183,
                    "startColumn": 4,
                    "startOffset": 13884,
                    "endColumn": 100,
                    "endOffset": 13980
                },
                "from": {
                    "file": "/Users/14leec1/.android/build-cache/c5aeb9e01246e9f7fb64d0d5293ae6799d062d8d/output/res/values-v21/values-v21.xml",
                    "position": {
                        "startLine": 183,
                        "startColumn": 4,
                        "startOffset": 13884,
                        "endColumn": 100,
                        "endOffset": 13980
                    }
                }
            },
            {
                "to": {
                    "startLine": 184,
                    "startColumn": 4,
                    "startOffset": 13985,
                    "endColumn": 94,
                    "endOffset": 14075
                },
                "from": {
                    "file": "/Users/14leec1/.android/build-cache/c5aeb9e01246e9f7fb64d0d5293ae6799d062d8d/output/res/values-v21/values-v21.xml",
                    "position": {
                        "startLine": 184,
                        "startColumn": 4,
                        "startOffset": 13985,
                        "endColumn": 94,
                        "endOffset": 14075
                    }
                }
            },
            {
                "to": {
                    "startLine": 185,
                    "startColumn": 4,
                    "startOffset": 14080,
                    "endColumn": 122,
                    "endOffset": 14198
                },
                "from": {
                    "file": "/Users/14leec1/.android/build-cache/c5aeb9e01246e9f7fb64d0d5293ae6799d062d8d/output/res/values-v21/values-v21.xml",
                    "position": {
                        "startLine": 185,
                        "startColumn": 4,
                        "startOffset": 14080,
                        "endColumn": 122,
                        "endOffset": 14198
                    }
                }
            },
            {
                "to": {
                    "startLine": 186,
                    "startColumn": 4,
                    "startOffset": 14203,
                    "endColumn": 128,
                    "endOffset": 14327
                },
                "from": {
                    "file": "/Users/14leec1/.android/build-cache/c5aeb9e01246e9f7fb64d0d5293ae6799d062d8d/output/res/values-v21/values-v21.xml",
                    "position": {
                        "startLine": 186,
                        "startColumn": 4,
                        "startOffset": 14203,
                        "endColumn": 128,
                        "endOffset": 14327
                    }
                }
            },
            {
                "to": {
                    "startLine": 187,
                    "startColumn": 4,
                    "startOffset": 14332,
                    "endColumn": 116,
                    "endOffset": 14444
                },
                "from": {
                    "file": "/Users/14leec1/.android/build-cache/c5aeb9e01246e9f7fb64d0d5293ae6799d062d8d/output/res/values-v21/values-v21.xml",
                    "position": {
                        "startLine": 187,
                        "startColumn": 4,
                        "startOffset": 14332,
                        "endColumn": 116,
                        "endOffset": 14444
                    }
                }
            },
            {
                "to": {
                    "startLine": 188,
                    "startColumn": 4,
                    "startOffset": 14449,
                    "endLine": 190,
                    "endColumn": 12,
                    "endOffset": 14621
                },
                "from": {
                    "file": "/Users/14leec1/.android/build-cache/c5aeb9e01246e9f7fb64d0d5293ae6799d062d8d/output/res/values-v21/values-v21.xml",
                    "position": {
                        "startLine": 188,
                        "startColumn": 4,
                        "startOffset": 14449,
                        "endLine": 190,
                        "endColumn": 12,
                        "endOffset": 14621
                    }
                }
            },
            {
                "to": {
                    "startLine": 191,
                    "startColumn": 4,
                    "startOffset": 14626,
                    "endColumn": 98,
                    "endOffset": 14720
                },
                "from": {
                    "file": "/Users/14leec1/.android/build-cache/c5aeb9e01246e9f7fb64d0d5293ae6799d062d8d/output/res/values-v21/values-v21.xml",
                    "position": {
                        "startLine": 191,
                        "startColumn": 4,
                        "startOffset": 14626,
                        "endColumn": 98,
                        "endOffset": 14720
                    }
                }
            },
            {
                "to": {
                    "startLine": 192,
                    "startColumn": 4,
                    "startOffset": 14725,
                    "endLine": 193,
                    "endColumn": 12,
                    "endOffset": 14855
                },
                "from": {
                    "file": "/Users/14leec1/.android/build-cache/c5aeb9e01246e9f7fb64d0d5293ae6799d062d8d/output/res/values-v21/values-v21.xml",
                    "position": {
                        "startLine": 192,
                        "startColumn": 4,
                        "startOffset": 14725,
                        "endLine": 193,
                        "endColumn": 12,
                        "endOffset": 14855
                    }
                }
            },
            {
                "to": {
                    "startLine": 194,
                    "startColumn": 4,
                    "startOffset": 14860,
                    "endLine": 195,
                    "endColumn": 12,
                    "endOffset": 14998
                },
                "from": {
                    "file": "/Users/14leec1/.android/build-cache/c5aeb9e01246e9f7fb64d0d5293ae6799d062d8d/output/res/values-v21/values-v21.xml",
                    "position": {
                        "startLine": 194,
                        "startColumn": 4,
                        "startOffset": 14860,
                        "endLine": 195,
                        "endColumn": 12,
                        "endOffset": 14998
                    }
                }
            },
            {
                "to": {
                    "startLine": 196,
                    "startColumn": 4,
                    "startOffset": 15003,
                    "endLine": 197,
                    "endColumn": 12,
                    "endOffset": 15133
                },
                "from": {
                    "file": "/Users/14leec1/.android/build-cache/c5aeb9e01246e9f7fb64d0d5293ae6799d062d8d/output/res/values-v21/values-v21.xml",
                    "position": {
                        "startLine": 196,
                        "startColumn": 4,
                        "startOffset": 15003,
                        "endLine": 197,
                        "endColumn": 12,
                        "endOffset": 15133
                    }
                }
            },
            {
                "to": {
                    "startLine": 198,
                    "startColumn": 4,
                    "startOffset": 15138,
                    "endLine": 199,
                    "endColumn": 12,
                    "endOffset": 15252
                },
                "from": {
                    "file": "/Users/14leec1/.android/build-cache/c5aeb9e01246e9f7fb64d0d5293ae6799d062d8d/output/res/values-v21/values-v21.xml",
                    "position": {
                        "startLine": 198,
                        "startColumn": 4,
                        "startOffset": 15138,
                        "endLine": 199,
                        "endColumn": 12,
                        "endOffset": 15252
                    }
                }
            },
            {
                "to": {
                    "startLine": 200,
                    "startColumn": 4,
                    "startOffset": 15257,
                    "endLine": 203,
                    "endColumn": 12,
                    "endOffset": 15453
                },
                "from": {
                    "file": "/Users/14leec1/.android/build-cache/c5aeb9e01246e9f7fb64d0d5293ae6799d062d8d/output/res/values-v21/values-v21.xml",
                    "position": {
                        "startLine": 200,
                        "startColumn": 4,
                        "startOffset": 15257,
                        "endLine": 203,
                        "endColumn": 12,
                        "endOffset": 15453
                    }
                }
            },
            {
                "to": {
                    "startLine": 204,
                    "startColumn": 4,
                    "startOffset": 15458,
                    "endLine": 205,
                    "endColumn": 12,
                    "endOffset": 15572
                },
                "from": {
                    "file": "/Users/14leec1/.android/build-cache/c5aeb9e01246e9f7fb64d0d5293ae6799d062d8d/output/res/values-v21/values-v21.xml",
                    "position": {
                        "startLine": 204,
                        "startColumn": 4,
                        "startOffset": 15458,
                        "endLine": 205,
                        "endColumn": 12,
                        "endOffset": 15572
                    }
                }
            },
            {
                "to": {
                    "startLine": 206,
                    "startColumn": 4,
                    "startOffset": 15577,
                    "endColumn": 92,
                    "endOffset": 15665
                },
                "from": {
                    "file": "/Users/14leec1/.android/build-cache/c5aeb9e01246e9f7fb64d0d5293ae6799d062d8d/output/res/values-v21/values-v21.xml",
                    "position": {
                        "startLine": 206,
                        "startColumn": 4,
                        "startOffset": 15577,
                        "endColumn": 92,
                        "endOffset": 15665
                    }
                }
            },
            {
                "to": {
                    "startLine": 207,
                    "startColumn": 4,
                    "startOffset": 15670,
                    "endColumn": 110,
                    "endOffset": 15776
                },
                "from": {
                    "file": "/Users/14leec1/.android/build-cache/c5aeb9e01246e9f7fb64d0d5293ae6799d062d8d/output/res/values-v21/values-v21.xml",
                    "position": {
                        "startLine": 207,
                        "startColumn": 4,
                        "startOffset": 15670,
                        "endColumn": 110,
                        "endOffset": 15776
                    }
                }
            },
            {
                "to": {
                    "startLine": 208,
                    "startColumn": 4,
                    "startOffset": 15781,
                    "endColumn": 55,
                    "endOffset": 15832
                },
                "from": {
                    "file": "/Users/14leec1/.android/build-cache/c5aeb9e01246e9f7fb64d0d5293ae6799d062d8d/output/res/values-v21/values-v21.xml",
                    "position": {
                        "startLine": 208,
                        "startColumn": 4,
                        "startOffset": 15781,
                        "endColumn": 55,
                        "endOffset": 15832
                    }
                }
            },
            {
                "to": {
                    "startLine": 209,
                    "startColumn": 4,
                    "startOffset": 15837,
                    "endLine": 210,
                    "endColumn": 12,
                    "endOffset": 15939
                },
                "from": {
                    "file": "/Users/14leec1/.android/build-cache/c5aeb9e01246e9f7fb64d0d5293ae6799d062d8d/output/res/values-v21/values-v21.xml",
                    "position": {
                        "startLine": 209,
                        "startColumn": 4,
                        "startOffset": 15837,
                        "endLine": 210,
                        "endColumn": 12,
                        "endOffset": 15939
                    }
                }
            },
            {
                "to": {
                    "startLine": 211,
                    "startColumn": 4,
                    "startOffset": 15944,
                    "endLine": 214,
                    "endColumn": 12,
                    "endOffset": 16134
                },
                "from": {
                    "file": "/Users/14leec1/.android/build-cache/c5aeb9e01246e9f7fb64d0d5293ae6799d062d8d/output/res/values-v21/values-v21.xml",
                    "position": {
                        "startLine": 211,
                        "startColumn": 4,
                        "startOffset": 15944,
                        "endLine": 214,
                        "endColumn": 12,
                        "endOffset": 16134
                    }
                }
            },
            {
                "to": {
                    "startLine": 215,
                    "startColumn": 4,
                    "startOffset": 16139,
                    "endLine": 216,
                    "endColumn": 12,
                    "endOffset": 16245
                },
                "from": {
                    "file": "/Users/14leec1/.android/build-cache/c5aeb9e01246e9f7fb64d0d5293ae6799d062d8d/output/res/values-v21/values-v21.xml",
                    "position": {
                        "startLine": 215,
                        "startColumn": 4,
                        "startOffset": 16139,
                        "endLine": 216,
                        "endColumn": 12,
                        "endOffset": 16245
                    }
                }
            },
            {
                "to": {
                    "startLine": 217,
                    "startColumn": 4,
                    "startOffset": 16250,
                    "endLine": 218,
                    "endColumn": 12,
                    "endOffset": 16378
                },
                "from": {
                    "file": "/Users/14leec1/.android/build-cache/c5aeb9e01246e9f7fb64d0d5293ae6799d062d8d/output/res/values-v21/values-v21.xml",
                    "position": {
                        "startLine": 217,
                        "startColumn": 4,
                        "startOffset": 16250,
                        "endLine": 218,
                        "endColumn": 12,
                        "endOffset": 16378
                    }
                }
            },
            {
                "to": {
                    "startLine": 219,
                    "startColumn": 4,
                    "startOffset": 16383,
                    "endColumn": 94,
                    "endOffset": 16473
                },
                "from": {
                    "file": "/Users/14leec1/.android/build-cache/c5aeb9e01246e9f7fb64d0d5293ae6799d062d8d/output/res/values-v21/values-v21.xml",
                    "position": {
                        "startLine": 219,
                        "startColumn": 4,
                        "startOffset": 16383,
                        "endColumn": 94,
                        "endOffset": 16473
                    }
                }
            },
            {
                "to": {
                    "startLine": 220,
                    "startColumn": 4,
                    "startOffset": 16478,
                    "endColumn": 90,
                    "endOffset": 16564
                },
                "from": {
                    "file": "/Users/14leec1/.android/build-cache/c5aeb9e01246e9f7fb64d0d5293ae6799d062d8d/output/res/values-v21/values-v21.xml",
                    "position": {
                        "startLine": 220,
                        "startColumn": 4,
                        "startOffset": 16478,
                        "endColumn": 90,
                        "endOffset": 16564
                    }
                }
            },
            {
                "to": {
                    "startLine": 221,
                    "startColumn": 4,
                    "startOffset": 16569,
                    "endColumn": 90,
                    "endOffset": 16655
                },
                "from": {
                    "file": "/Users/14leec1/.android/build-cache/c5aeb9e01246e9f7fb64d0d5293ae6799d062d8d/output/res/values-v21/values-v21.xml",
                    "position": {
                        "startLine": 221,
                        "startColumn": 4,
                        "startOffset": 16569,
                        "endColumn": 90,
                        "endOffset": 16655
                    }
                }
            },
            {
                "to": {
                    "startLine": 222,
                    "startColumn": 4,
                    "startOffset": 16660,
                    "endColumn": 116,
                    "endOffset": 16772
                },
                "from": {
                    "file": "/Users/14leec1/.android/build-cache/c5aeb9e01246e9f7fb64d0d5293ae6799d062d8d/output/res/values-v21/values-v21.xml",
                    "position": {
                        "startLine": 222,
                        "startColumn": 4,
                        "startOffset": 16660,
                        "endColumn": 116,
                        "endOffset": 16772
                    }
                }
            },
            {
                "to": {
                    "startLine": 223,
                    "startColumn": 4,
                    "startOffset": 16777,
                    "endLine": 224,
                    "endColumn": 12,
                    "endOffset": 16911
                },
                "from": {
                    "file": "/Users/14leec1/.android/build-cache/c5aeb9e01246e9f7fb64d0d5293ae6799d062d8d/output/res/values-v21/values-v21.xml",
                    "position": {
                        "startLine": 223,
                        "startColumn": 4,
                        "startOffset": 16777,
                        "endLine": 224,
                        "endColumn": 12,
                        "endOffset": 16911
                    }
                }
            },
            {
                "to": {
                    "startLine": 225,
                    "startColumn": 4,
                    "startOffset": 16916,
                    "endColumn": 70,
                    "endOffset": 16982
                },
                "from": {
                    "file": "/Users/14leec1/.android/build-cache/c5aeb9e01246e9f7fb64d0d5293ae6799d062d8d/output/res/values-v21/values-v21.xml",
                    "position": {
                        "startLine": 225,
                        "startColumn": 4,
                        "startOffset": 16916,
                        "endColumn": 70,
                        "endOffset": 16982
                    }
                }
            },
            {
                "to": {
                    "startLine": 226,
                    "startColumn": 4,
                    "startOffset": 16987,
                    "endColumn": 82,
                    "endOffset": 17065
                },
                "from": {
                    "file": "/Users/14leec1/.android/build-cache/c5aeb9e01246e9f7fb64d0d5293ae6799d062d8d/output/res/values-v21/values-v21.xml",
                    "position": {
                        "startLine": 226,
                        "startColumn": 4,
                        "startOffset": 16987,
                        "endColumn": 82,
                        "endOffset": 17065
                    }
                }
            },
            {
                "to": {
                    "startLine": 227,
                    "startColumn": 4,
                    "startOffset": 17070,
                    "endLine": 236,
                    "endColumn": 12,
                    "endOffset": 17745
                },
                "from": {
                    "file": "/Users/14leec1/.android/build-cache/c5aeb9e01246e9f7fb64d0d5293ae6799d062d8d/output/res/values-v21/values-v21.xml",
                    "position": {
                        "startLine": 227,
                        "startColumn": 4,
                        "startOffset": 17070,
                        "endLine": 236,
                        "endColumn": 12,
                        "endOffset": 17745
                    }
                }
            },
            {
                "to": {
                    "startLine": 237,
                    "startColumn": 4,
                    "startOffset": 17750,
                    "endColumn": 56,
                    "endOffset": 17802
                },
                "from": {
                    "file": "/Users/14leec1/.android/build-cache/c5aeb9e01246e9f7fb64d0d5293ae6799d062d8d/output/res/values-v21/values-v21.xml",
                    "position": {
                        "startLine": 237,
                        "startColumn": 4,
                        "startOffset": 17750,
                        "endColumn": 56,
                        "endOffset": 17802
                    }
                }
            },
            {
                "to": {
                    "startLine": 238,
                    "startColumn": 4,
                    "startOffset": 17807,
                    "endColumn": 57,
                    "endOffset": 17860
                },
                "from": {
                    "file": "/Users/14leec1/.android/build-cache/c5aeb9e01246e9f7fb64d0d5293ae6799d062d8d/output/res/values-v21/values-v21.xml",
                    "position": {
                        "startLine": 238,
                        "startColumn": 4,
                        "startOffset": 17807,
                        "endColumn": 57,
                        "endOffset": 17860
                    }
                }
            },
            {
                "to": {
                    "startLine": 239,
                    "startColumn": 4,
                    "startOffset": 17865,
                    "endLine": 250,
                    "endColumn": 12,
                    "endOffset": 18554
                },
                "from": {
                    "file": "/Users/14leec1/.android/build-cache/c5aeb9e01246e9f7fb64d0d5293ae6799d062d8d/output/res/values-v21/values-v21.xml",
                    "position": {
                        "startLine": 239,
                        "startColumn": 4,
                        "startOffset": 17865,
                        "endLine": 250,
                        "endColumn": 12,
                        "endOffset": 18554
                    }
                }
            },
            {
                "to": {
                    "startLine": 251,
                    "startColumn": 4,
                    "startOffset": 18559,
                    "endLine": 262,
                    "endColumn": 12,
                    "endOffset": 19260
                },
                "from": {
                    "file": "/Users/14leec1/.android/build-cache/c5aeb9e01246e9f7fb64d0d5293ae6799d062d8d/output/res/values-v21/values-v21.xml",
                    "position": {
                        "startLine": 251,
                        "startColumn": 4,
                        "startOffset": 18559,
                        "endLine": 262,
                        "endColumn": 12,
                        "endOffset": 19260
                    }
                }
            },
            {
                "to": {
                    "startLine": 263,
                    "startColumn": 4,
                    "startOffset": 19265,
                    "endColumn": 118,
                    "endOffset": 19379
                },
                "from": {
                    "file": "/Users/14leec1/.android/build-cache/c5aeb9e01246e9f7fb64d0d5293ae6799d062d8d/output/res/values-v21/values-v21.xml",
                    "position": {
                        "startLine": 263,
                        "startColumn": 4,
                        "startOffset": 19265,
                        "endColumn": 118,
                        "endOffset": 19379
                    }
                }
            },
            {
                "to": {
                    "startLine": 264,
                    "startColumn": 4,
                    "startOffset": 19384,
                    "endColumn": 128,
                    "endOffset": 19508
                },
                "from": {
                    "file": "/Users/14leec1/.android/build-cache/c5aeb9e01246e9f7fb64d0d5293ae6799d062d8d/output/res/values-v21/values-v21.xml",
                    "position": {
                        "startLine": 264,
                        "startColumn": 4,
                        "startOffset": 19384,
                        "endColumn": 128,
                        "endOffset": 19508
                    }
                }
            },
            {
                "to": {
                    "startLine": 265,
                    "startColumn": 4,
                    "startOffset": 19513,
                    "endLine": 267,
                    "endColumn": 12,
                    "endOffset": 19679
                },
                "from": {
                    "file": "/Users/14leec1/.android/build-cache/c5aeb9e01246e9f7fb64d0d5293ae6799d062d8d/output/res/values-v21/values-v21.xml",
                    "position": {
                        "startLine": 265,
                        "startColumn": 4,
                        "startOffset": 19513,
                        "endLine": 267,
                        "endColumn": 12,
                        "endOffset": 19679
                    }
                }
            },
            {
                "to": {
                    "startLine": 268,
                    "startColumn": 4,
                    "startOffset": 19684,
                    "endLine": 270,
                    "endColumn": 12,
                    "endOffset": 19845
                },
                "from": {
                    "file": "/Users/14leec1/.android/build-cache/c5aeb9e01246e9f7fb64d0d5293ae6799d062d8d/output/res/values-v21/values-v21.xml",
                    "position": {
                        "startLine": 268,
                        "startColumn": 4,
                        "startOffset": 19684,
                        "endLine": 270,
                        "endColumn": 12,
                        "endOffset": 19845
                    }
                }
            },
            {
                "to": {
                    "startLine": 271,
                    "startColumn": 4,
                    "startOffset": 19850,
                    "endColumn": 128,
                    "endOffset": 19974
                },
                "from": {
                    "file": "/Users/14leec1/.android/build-cache/c5aeb9e01246e9f7fb64d0d5293ae6799d062d8d/output/res/values-v21/values-v21.xml",
                    "position": {
                        "startLine": 271,
                        "startColumn": 4,
                        "startOffset": 19850,
                        "endColumn": 128,
                        "endOffset": 19974
                    }
                }
            },
            {
                "to": {
                    "startLine": 272,
                    "startColumn": 4,
                    "startOffset": 19979,
                    "endLine": 274,
                    "endColumn": 12,
                    "endOffset": 20145
                },
                "from": {
                    "file": "/Users/14leec1/.android/build-cache/c5aeb9e01246e9f7fb64d0d5293ae6799d062d8d/output/res/values-v21/values-v21.xml",
                    "position": {
                        "startLine": 272,
                        "startColumn": 4,
                        "startOffset": 19979,
                        "endLine": 274,
                        "endColumn": 12,
                        "endOffset": 20145
                    }
                }
            },
            {
                "to": {
                    "startLine": 275,
                    "startColumn": 4,
                    "startOffset": 20150,
                    "endColumn": 130,
                    "endOffset": 20276
                },
                "from": {
                    "file": "/Users/14leec1/.android/build-cache/c5aeb9e01246e9f7fb64d0d5293ae6799d062d8d/output/res/values-v21/values-v21.xml",
                    "position": {
                        "startLine": 275,
                        "startColumn": 4,
                        "startOffset": 20150,
                        "endColumn": 130,
                        "endOffset": 20276
                    }
                }
            },
            {
                "to": {
                    "startLine": 276,
                    "startColumn": 4,
                    "startOffset": 20281,
                    "endLine": 278,
                    "endColumn": 12,
                    "endOffset": 20446
                },
                "from": {
                    "file": "/Users/14leec1/.android/build-cache/c5aeb9e01246e9f7fb64d0d5293ae6799d062d8d/output/res/values-v21/values-v21.xml",
                    "position": {
                        "startLine": 276,
                        "startColumn": 4,
                        "startOffset": 20281,
                        "endLine": 278,
                        "endColumn": 12,
                        "endOffset": 20446
                    }
                }
            },
            {
                "to": {
                    "startLine": 279,
                    "startColumn": 4,
                    "startOffset": 20451,
                    "endLine": 281,
                    "endColumn": 12,
                    "endOffset": 20621
                },
                "from": {
                    "file": "/Users/14leec1/.android/build-cache/c5aeb9e01246e9f7fb64d0d5293ae6799d062d8d/output/res/values-v21/values-v21.xml",
                    "position": {
                        "startLine": 279,
                        "startColumn": 4,
                        "startOffset": 20451,
                        "endLine": 281,
                        "endColumn": 12,
                        "endOffset": 20621
                    }
                }
            },
            {
                "to": {
                    "startLine": 282,
                    "startColumn": 4,
                    "startOffset": 20626,
                    "endLine": 286,
                    "endColumn": 12,
                    "endOffset": 20962
                },
                "from": {
                    "file": "/Users/14leec1/.android/build-cache/c5aeb9e01246e9f7fb64d0d5293ae6799d062d8d/output/res/values-v21/values-v21.xml",
                    "position": {
                        "startLine": 282,
                        "startColumn": 4,
                        "startOffset": 20626,
                        "endLine": 286,
                        "endColumn": 12,
                        "endOffset": 20962
                    }
                }
            }
        ]
    }
]