[
    {
        "outputFile": "/Users/14leec1/AndroidStudioProjects/AppUsageStats/app/build/intermediates/incremental/mergeDebugResources/merged.dir/values-v24/values-v24.xml",
        "map": [
            {
                "to": {
                    "startLine": 2,
                    "startColumn": 4,
                    "startOffset": 55,
                    "endColumn": 156,
                    "endOffset": 207
                },
                "from": {
                    "file": "/Users/14leec1/.android/build-cache/c5aeb9e01246e9f7fb64d0d5293ae6799d062d8d/output/res/values-v24/values-v24.xml",
                    "position": {
                        "startLine": 2,
                        "startColumn": 4,
                        "startOffset": 55,
                        "endColumn": 156,
                        "endOffset": 207
                    }
                }
            },
            {
                "to": {
                    "startLine": 3,
                    "startColumn": 4,
                    "startOffset": 212,
                    "endColumn": 134,
                    "endOffset": 342
                },
                "from": {
                    "file": "/Users/14leec1/.android/build-cache/c5aeb9e01246e9f7fb64d0d5293ae6799d062d8d/output/res/values-v24/values-v24.xml",
                    "position": {
                        "startLine": 3,
                        "startColumn": 4,
                        "startOffset": 212,
                        "endColumn": 134,
                        "endOffset": 342
                    }
                }
            },
            {
                "to": {
                    "startLine": 4,
                    "startColumn": 4,
                    "startOffset": 347,
                    "endColumn": 68,
                    "endOffset": 411
                },
                "from": {
                    "file": "/Users/14leec1/.android/build-cache/c5aeb9e01246e9f7fb64d0d5293ae6799d062d8d/output/res/values-v24/values-v24.xml",
                    "position": {
                        "startLine": 4,
                        "startColumn": 4,
                        "startOffset": 347,
                        "endColumn": 68,
                        "endOffset": 411
                    }
                }
            },
            {
                "to": {
                    "startLine": 5,
                    "startColumn": 4,
                    "startOffset": 416,
                    "endColumn": 63,
                    "endOffset": 475
                },
                "from": {
                    "file": "/Users/14leec1/.android/build-cache/c5aeb9e01246e9f7fb64d0d5293ae6799d062d8d/output/res/values-v24/values-v24.xml",
                    "position": {
                        "startLine": 5,
                        "startColumn": 4,
                        "startOffset": 416,
                        "endColumn": 63,
                        "endOffset": 475
                    }
                }
            },
            {
                "to": {
                    "startLine": 6,
                    "startColumn": 4,
                    "startOffset": 480,
                    "endColumn": 68,
                    "endOffset": 544
                },
                "from": {
                    "file": "/Users/14leec1/.android/build-cache/c5aeb9e01246e9f7fb64d0d5293ae6799d062d8d/output/res/values-v24/values-v24.xml",
                    "position": {
                        "startLine": 6,
                        "startColumn": 4,
                        "startOffset": 480,
                        "endColumn": 68,
                        "endOffset": 544
                    }
                }
            },
            {
                "to": {
                    "startLine": 7,
                    "startColumn": 4,
                    "startOffset": 549,
                    "endColumn": 69,
                    "endOffset": 614
                },
                "from": {
                    "file": "/Users/14leec1/.android/build-cache/c5aeb9e01246e9f7fb64d0d5293ae6799d062d8d/output/res/values-v24/values-v24.xml",
                    "position": {
                        "startLine": 7,
                        "startColumn": 4,
                        "startOffset": 549,
                        "endColumn": 69,
                        "endOffset": 614
                    }
                }
            }
        ]
    }
]