[
    {
        "outputFile": "/Users/14leec1/AndroidStudioProjects/AppUsageStats/app/build/intermediates/incremental/mergeDebugResources/merged.dir/values-w820dp-v13/values-w820dp-v13.xml",
        "map": [
            {
                "to": {
                    "startLine": 2,
                    "startColumn": 4,
                    "startOffset": 55,
                    "endColumn": 57,
                    "endOffset": 108
                },
                "from": {
                    "file": "/Users/14leec1/AndroidStudioProjects/AppUsageStats/app/src/main/res/values-w820dp/dimens.xml",
                    "position": {
                        "startLine": 4,
                        "startColumn": 4,
                        "startOffset": 291,
                        "endColumn": 57,
                        "endOffset": 344
                    }
                }
            }
        ]
    }
]