[
    {
        "outputFile": "/Users/14leec1/AndroidStudioProjects/AppUsageStats/app/build/intermediates/incremental/mergeDebugResources/merged.dir/values-fi/values-fi.xml",
        "map": [
            {
                "to": {
                    "startLine": 2,
                    "startColumn": 4,
                    "startOffset": 105,
                    "endColumn": 107,
                    "endOffset": 208
                },
                "from": {
                    "file": "/Users/14leec1/.android/build-cache/c5aeb9e01246e9f7fb64d0d5293ae6799d062d8d/output/res/values-fi/values-fi.xml",
                    "position": {
                        "startLine": 2,
                        "startColumn": 4,
                        "startOffset": 55,
                        "endColumn": 107,
                        "endOffset": 158
                    }
                }
            },
            {
                "to": {
                    "startLine": 3,
                    "startColumn": 4,
                    "startOffset": 213,
                    "endColumn": 107,
                    "endOffset": 316
                },
                "from": {
                    "file": "/Users/14leec1/.android/build-cache/c5aeb9e01246e9f7fb64d0d5293ae6799d062d8d/output/res/values-fi/values-fi.xml",
                    "position": {
                        "startLine": 3,
                        "startColumn": 4,
                        "startOffset": 163,
                        "endColumn": 107,
                        "endOffset": 266
                    }
                }
            },
            {
                "to": {
                    "startLine": 4,
                    "startColumn": 4,
                    "startOffset": 321,
                    "endColumn": 122,
                    "endOffset": 439
                },
                "from": {
                    "file": "/Users/14leec1/.android/build-cache/c5aeb9e01246e9f7fb64d0d5293ae6799d062d8d/output/res/values-fi/values-fi.xml",
                    "position": {
                        "startLine": 4,
                        "startColumn": 4,
                        "startOffset": 271,
                        "endColumn": 122,
                        "endOffset": 389
                    }
                }
            },
            {
                "to": {
                    "startLine": 5,
                    "startColumn": 4,
                    "startOffset": 444,
                    "endColumn": 99,
                    "endOffset": 539
                },
                "from": {
                    "file": "/Users/14leec1/.android/build-cache/c5aeb9e01246e9f7fb64d0d5293ae6799d062d8d/output/res/values-fi/values-fi.xml",
                    "position": {
                        "startLine": 5,
                        "startColumn": 4,
                        "startOffset": 394,
                        "endColumn": 99,
                        "endOffset": 489
                    }
                }
            },
            {
                "to": {
                    "startLine": 6,
                    "startColumn": 4,
                    "startOffset": 544,
                    "endColumn": 100,
                    "endOffset": 640
                },
                "from": {
                    "file": "/Users/14leec1/.android/build-cache/c5aeb9e01246e9f7fb64d0d5293ae6799d062d8d/output/res/values-fi/values-fi.xml",
                    "position": {
                        "startLine": 6,
                        "startColumn": 4,
                        "startOffset": 494,
                        "endColumn": 100,
                        "endOffset": 590
                    }
                }
            },
            {
                "to": {
                    "startLine": 7,
                    "startColumn": 4,
                    "startOffset": 645,
                    "endColumn": 85,
                    "endOffset": 726
                },
                "from": {
                    "file": "/Users/14leec1/.android/build-cache/c5aeb9e01246e9f7fb64d0d5293ae6799d062d8d/output/res/values-fi/values-fi.xml",
                    "position": {
                        "startLine": 7,
                        "startColumn": 4,
                        "startOffset": 595,
                        "endColumn": 85,
                        "endOffset": 676
                    }
                }
            },
            {
                "to": {
                    "startLine": 8,
                    "startColumn": 4,
                    "startOffset": 731,
                    "endColumn": 104,
                    "endOffset": 831
                },
                "from": {
                    "file": "/Users/14leec1/.android/build-cache/c5aeb9e01246e9f7fb64d0d5293ae6799d062d8d/output/res/values-fi/values-fi.xml",
                    "position": {
                        "startLine": 8,
                        "startColumn": 4,
                        "startOffset": 681,
                        "endColumn": 104,
                        "endOffset": 781
                    }
                }
            },
            {
                "to": {
                    "startLine": 9,
                    "startColumn": 4,
                    "startOffset": 836,
                    "endColumn": 117,
                    "endOffset": 949
                },
                "from": {
                    "file": "/Users/14leec1/.android/build-cache/c5aeb9e01246e9f7fb64d0d5293ae6799d062d8d/output/res/values-fi/values-fi.xml",
                    "position": {
                        "startLine": 9,
                        "startColumn": 4,
                        "startOffset": 786,
                        "endColumn": 117,
                        "endOffset": 899
                    }
                }
            },
            {
                "to": {
                    "startLine": 10,
                    "startColumn": 4,
                    "startOffset": 954,
                    "endColumn": 86,
                    "endOffset": 1036
                },
                "from": {
                    "file": "/Users/14leec1/.android/build-cache/c5aeb9e01246e9f7fb64d0d5293ae6799d062d8d/output/res/values-fi/values-fi.xml",
                    "position": {
                        "startLine": 10,
                        "startColumn": 4,
                        "startOffset": 904,
                        "endColumn": 86,
                        "endOffset": 986
                    }
                }
            },
            {
                "to": {
                    "startLine": 11,
                    "startColumn": 4,
                    "startOffset": 1041,
                    "endColumn": 81,
                    "endOffset": 1118
                },
                "from": {
                    "file": "/Users/14leec1/.android/build-cache/c5aeb9e01246e9f7fb64d0d5293ae6799d062d8d/output/res/values-fi/values-fi.xml",
                    "position": {
                        "startLine": 11,
                        "startColumn": 4,
                        "startOffset": 991,
                        "endColumn": 81,
                        "endOffset": 1068
                    }
                }
            },
            {
                "to": {
                    "startLine": 12,
                    "startColumn": 4,
                    "startOffset": 1123,
                    "endColumn": 79,
                    "endOffset": 1198
                },
                "from": {
                    "file": "/Users/14leec1/.android/build-cache/c5aeb9e01246e9f7fb64d0d5293ae6799d062d8d/output/res/values-fi/values-fi.xml",
                    "position": {
                        "startLine": 12,
                        "startColumn": 4,
                        "startOffset": 1073,
                        "endColumn": 79,
                        "endOffset": 1148
                    }
                }
            },
            {
                "to": {
                    "startLine": 13,
                    "startColumn": 4,
                    "startOffset": 1203,
                    "endColumn": 106,
                    "endOffset": 1305
                },
                "from": {
                    "file": "/Users/14leec1/.android/build-cache/c5aeb9e01246e9f7fb64d0d5293ae6799d062d8d/output/res/values-fi/values-fi.xml",
                    "position": {
                        "startLine": 13,
                        "startColumn": 4,
                        "startOffset": 1153,
                        "endColumn": 106,
                        "endOffset": 1255
                    }
                }
            },
            {
                "to": {
                    "startLine": 14,
                    "startColumn": 4,
                    "startOffset": 1310,
                    "endColumn": 102,
                    "endOffset": 1408
                },
                "from": {
                    "file": "/Users/14leec1/.android/build-cache/c5aeb9e01246e9f7fb64d0d5293ae6799d062d8d/output/res/values-fi/values-fi.xml",
                    "position": {
                        "startLine": 14,
                        "startColumn": 4,
                        "startOffset": 1260,
                        "endColumn": 102,
                        "endOffset": 1358
                    }
                }
            },
            {
                "to": {
                    "startLine": 15,
                    "startColumn": 4,
                    "startOffset": 1413,
                    "endColumn": 96,
                    "endOffset": 1505
                },
                "from": {
                    "file": "/Users/14leec1/.android/build-cache/c5aeb9e01246e9f7fb64d0d5293ae6799d062d8d/output/res/values-fi/values-fi.xml",
                    "position": {
                        "startLine": 15,
                        "startColumn": 4,
                        "startOffset": 1363,
                        "endColumn": 96,
                        "endOffset": 1455
                    }
                }
            },
            {
                "to": {
                    "startLine": 16,
                    "startColumn": 4,
                    "startOffset": 1510,
                    "endColumn": 105,
                    "endOffset": 1611
                },
                "from": {
                    "file": "/Users/14leec1/.android/build-cache/c5aeb9e01246e9f7fb64d0d5293ae6799d062d8d/output/res/values-fi/values-fi.xml",
                    "position": {
                        "startLine": 16,
                        "startColumn": 4,
                        "startOffset": 1460,
                        "endColumn": 105,
                        "endOffset": 1561
                    }
                }
            },
            {
                "to": {
                    "startLine": 17,
                    "startColumn": 4,
                    "startOffset": 1616,
                    "endColumn": 98,
                    "endOffset": 1710
                },
                "from": {
                    "file": "/Users/14leec1/.android/build-cache/c5aeb9e01246e9f7fb64d0d5293ae6799d062d8d/output/res/values-fi/values-fi.xml",
                    "position": {
                        "startLine": 17,
                        "startColumn": 4,
                        "startOffset": 1566,
                        "endColumn": 98,
                        "endOffset": 1660
                    }
                }
            },
            {
                "to": {
                    "startLine": 18,
                    "startColumn": 4,
                    "startOffset": 1715,
                    "endColumn": 103,
                    "endOffset": 1814
                },
                "from": {
                    "file": "/Users/14leec1/.android/build-cache/c5aeb9e01246e9f7fb64d0d5293ae6799d062d8d/output/res/values-fi/values-fi.xml",
                    "position": {
                        "startLine": 18,
                        "startColumn": 4,
                        "startOffset": 1665,
                        "endColumn": 103,
                        "endOffset": 1764
                    }
                }
            },
            {
                "to": {
                    "startLine": 19,
                    "startColumn": 4,
                    "startOffset": 1819,
                    "endColumn": 118,
                    "endOffset": 1933
                },
                "from": {
                    "file": "/Users/14leec1/.android/build-cache/c5aeb9e01246e9f7fb64d0d5293ae6799d062d8d/output/res/values-fi/values-fi.xml",
                    "position": {
                        "startLine": 19,
                        "startColumn": 4,
                        "startOffset": 1769,
                        "endColumn": 118,
                        "endOffset": 1883
                    }
                }
            },
            {
                "to": {
                    "startLine": 20,
                    "startColumn": 4,
                    "startOffset": 1938,
                    "endColumn": 98,
                    "endOffset": 2032
                },
                "from": {
                    "file": "/Users/14leec1/.android/build-cache/c5aeb9e01246e9f7fb64d0d5293ae6799d062d8d/output/res/values-fi/values-fi.xml",
                    "position": {
                        "startLine": 20,
                        "startColumn": 4,
                        "startOffset": 1888,
                        "endColumn": 98,
                        "endOffset": 1982
                    }
                }
            },
            {
                "to": {
                    "startLine": 21,
                    "startColumn": 4,
                    "startOffset": 2037,
                    "endColumn": 208,
                    "endOffset": 2241
                },
                "from": {
                    "file": "/Users/14leec1/.android/build-cache/ff4967dcef41267c999da54fcc7c7f9e60142282/output/res/values-fi/values.xml",
                    "position": {
                        "startLine": 4,
                        "startColumn": 0,
                        "startOffset": 285,
                        "endColumn": 208,
                        "endOffset": 493
                    }
                }
            },
            {
                "to": {
                    "startLine": 22,
                    "startColumn": 4,
                    "startOffset": 2246,
                    "endColumn": 79,
                    "endOffset": 2321
                },
                "from": {
                    "file": "/Users/14leec1/.android/build-cache/c5aeb9e01246e9f7fb64d0d5293ae6799d062d8d/output/res/values-fi/values-fi.xml",
                    "position": {
                        "startLine": 21,
                        "startColumn": 4,
                        "startOffset": 1987,
                        "endColumn": 79,
                        "endOffset": 2062
                    }
                }
            },
            {
                "to": {
                    "startLine": 23,
                    "startColumn": 4,
                    "startOffset": 2326,
                    "endColumn": 100,
                    "endOffset": 2422
                },
                "from": {
                    "file": "/Users/14leec1/.android/build-cache/c5aeb9e01246e9f7fb64d0d5293ae6799d062d8d/output/res/values-fi/values-fi.xml",
                    "position": {
                        "startLine": 22,
                        "startColumn": 4,
                        "startOffset": 2067,
                        "endColumn": 100,
                        "endOffset": 2163
                    }
                }
            }
        ]
    }
]