[
    {
        "outputFile": "/Users/14leec1/AndroidStudioProjects/AppUsageStats/app/build/intermediates/incremental/mergeDebugResources/merged.dir/values-large-v4/values-large-v4.xml",
        "map": [
            {
                "to": {
                    "startLine": 2,
                    "startColumn": 4,
                    "startOffset": 55,
                    "endColumn": 58,
                    "endOffset": 109
                },
                "from": {
                    "file": "/Users/14leec1/.android/build-cache/c5aeb9e01246e9f7fb64d0d5293ae6799d062d8d/output/res/values-large-v4/values-large-v4.xml",
                    "position": {
                        "startLine": 2,
                        "startColumn": 4,
                        "startOffset": 55,
                        "endColumn": 58,
                        "endOffset": 109
                    }
                }
            },
            {
                "to": {
                    "startLine": 3,
                    "startColumn": 4,
                    "startOffset": 114,
                    "endColumn": 70,
                    "endOffset": 180
                },
                "from": {
                    "file": "/Users/14leec1/.android/build-cache/c5aeb9e01246e9f7fb64d0d5293ae6799d062d8d/output/res/values-large-v4/values-large-v4.xml",
                    "position": {
                        "startLine": 3,
                        "startColumn": 4,
                        "startOffset": 114,
                        "endColumn": 70,
                        "endOffset": 180
                    }
                }
            },
            {
                "to": {
                    "startLine": 4,
                    "startColumn": 4,
                    "startOffset": 185,
                    "endColumn": 70,
                    "endOffset": 251
                },
                "from": {
                    "file": "/Users/14leec1/.android/build-cache/c5aeb9e01246e9f7fb64d0d5293ae6799d062d8d/output/res/values-large-v4/values-large-v4.xml",
                    "position": {
                        "startLine": 4,
                        "startColumn": 4,
                        "startOffset": 185,
                        "endColumn": 70,
                        "endOffset": 251
                    }
                }
            },
            {
                "to": {
                    "startLine": 5,
                    "startColumn": 4,
                    "startOffset": 256,
                    "endColumn": 69,
                    "endOffset": 321
                },
                "from": {
                    "file": "/Users/14leec1/.android/build-cache/c5aeb9e01246e9f7fb64d0d5293ae6799d062d8d/output/res/values-large-v4/values-large-v4.xml",
                    "position": {
                        "startLine": 5,
                        "startColumn": 4,
                        "startOffset": 256,
                        "endColumn": 69,
                        "endOffset": 321
                    }
                }
            },
            {
                "to": {
                    "startLine": 6,
                    "startColumn": 4,
                    "startOffset": 326,
                    "endColumn": 69,
                    "endOffset": 391
                },
                "from": {
                    "file": "/Users/14leec1/.android/build-cache/c5aeb9e01246e9f7fb64d0d5293ae6799d062d8d/output/res/values-large-v4/values-large-v4.xml",
                    "position": {
                        "startLine": 6,
                        "startColumn": 4,
                        "startOffset": 326,
                        "endColumn": 69,
                        "endOffset": 391
                    }
                }
            },
            {
                "to": {
                    "startLine": 7,
                    "startColumn": 4,
                    "startOffset": 396,
                    "endColumn": 67,
                    "endOffset": 459
                },
                "from": {
                    "file": "/Users/14leec1/.android/build-cache/c5aeb9e01246e9f7fb64d0d5293ae6799d062d8d/output/res/values-large-v4/values-large-v4.xml",
                    "position": {
                        "startLine": 7,
                        "startColumn": 4,
                        "startOffset": 396,
                        "endColumn": 67,
                        "endOffset": 459
                    }
                }
            },
            {
                "to": {
                    "startLine": 8,
                    "startColumn": 4,
                    "startOffset": 464,
                    "endColumn": 67,
                    "endOffset": 527
                },
                "from": {
                    "file": "/Users/14leec1/.android/build-cache/c5aeb9e01246e9f7fb64d0d5293ae6799d062d8d/output/res/values-large-v4/values-large-v4.xml",
                    "position": {
                        "startLine": 8,
                        "startColumn": 4,
                        "startOffset": 464,
                        "endColumn": 67,
                        "endOffset": 527
                    }
                }
            },
            {
                "to": {
                    "startLine": 9,
                    "startColumn": 4,
                    "startOffset": 532,
                    "endColumn": 103,
                    "endOffset": 631
                },
                "from": {
                    "file": "/Users/14leec1/.android/build-cache/c5aeb9e01246e9f7fb64d0d5293ae6799d062d8d/output/res/values-large-v4/values-large-v4.xml",
                    "position": {
                        "startLine": 9,
                        "startColumn": 4,
                        "startOffset": 532,
                        "endColumn": 103,
                        "endOffset": 631
                    }
                }
            },
            {
                "to": {
                    "startLine": 10,
                    "startColumn": 4,
                    "startOffset": 636,
                    "endColumn": 115,
                    "endOffset": 747
                },
                "from": {
                    "file": "/Users/14leec1/.android/build-cache/c5aeb9e01246e9f7fb64d0d5293ae6799d062d8d/output/res/values-large-v4/values-large-v4.xml",
                    "position": {
                        "startLine": 10,
                        "startColumn": 4,
                        "startOffset": 636,
                        "endColumn": 115,
                        "endOffset": 747
                    }
                }
            }
        ]
    }
]