[
    {
        "outputFile": "/Users/14leec1/AndroidStudioProjects/AppUsageStats/app/build/intermediates/incremental/mergeDebugResources/merged.dir/values-ro/values-ro.xml",
        "map": [
            {
                "to": {
                    "startLine": 2,
                    "startColumn": 4,
                    "startOffset": 105,
                    "endColumn": 120,
                    "endOffset": 221
                },
                "from": {
                    "file": "/Users/14leec1/.android/build-cache/c5aeb9e01246e9f7fb64d0d5293ae6799d062d8d/output/res/values-ro/values-ro.xml",
                    "position": {
                        "startLine": 2,
                        "startColumn": 4,
                        "startOffset": 55,
                        "endColumn": 120,
                        "endOffset": 171
                    }
                }
            },
            {
                "to": {
                    "startLine": 3,
                    "startColumn": 4,
                    "startOffset": 226,
                    "endColumn": 107,
                    "endOffset": 329
                },
                "from": {
                    "file": "/Users/14leec1/.android/build-cache/c5aeb9e01246e9f7fb64d0d5293ae6799d062d8d/output/res/values-ro/values-ro.xml",
                    "position": {
                        "startLine": 3,
                        "startColumn": 4,
                        "startOffset": 176,
                        "endColumn": 107,
                        "endOffset": 279
                    }
                }
            },
            {
                "to": {
                    "startLine": 4,
                    "startColumn": 4,
                    "startOffset": 334,
                    "endColumn": 122,
                    "endOffset": 452
                },
                "from": {
                    "file": "/Users/14leec1/.android/build-cache/c5aeb9e01246e9f7fb64d0d5293ae6799d062d8d/output/res/values-ro/values-ro.xml",
                    "position": {
                        "startLine": 4,
                        "startColumn": 4,
                        "startOffset": 284,
                        "endColumn": 122,
                        "endOffset": 402
                    }
                }
            },
            {
                "to": {
                    "startLine": 5,
                    "startColumn": 4,
                    "startOffset": 457,
                    "endColumn": 103,
                    "endOffset": 556
                },
                "from": {
                    "file": "/Users/14leec1/.android/build-cache/c5aeb9e01246e9f7fb64d0d5293ae6799d062d8d/output/res/values-ro/values-ro.xml",
                    "position": {
                        "startLine": 5,
                        "startColumn": 4,
                        "startOffset": 407,
                        "endColumn": 103,
                        "endOffset": 506
                    }
                }
            },
            {
                "to": {
                    "startLine": 6,
                    "startColumn": 4,
                    "startOffset": 561,
                    "endColumn": 112,
                    "endOffset": 669
                },
                "from": {
                    "file": "/Users/14leec1/.android/build-cache/c5aeb9e01246e9f7fb64d0d5293ae6799d062d8d/output/res/values-ro/values-ro.xml",
                    "position": {
                        "startLine": 6,
                        "startColumn": 4,
                        "startOffset": 511,
                        "endColumn": 112,
                        "endOffset": 619
                    }
                }
            },
            {
                "to": {
                    "startLine": 7,
                    "startColumn": 4,
                    "startOffset": 674,
                    "endColumn": 87,
                    "endOffset": 757
                },
                "from": {
                    "file": "/Users/14leec1/.android/build-cache/c5aeb9e01246e9f7fb64d0d5293ae6799d062d8d/output/res/values-ro/values-ro.xml",
                    "position": {
                        "startLine": 7,
                        "startColumn": 4,
                        "startOffset": 624,
                        "endColumn": 87,
                        "endOffset": 707
                    }
                }
            },
            {
                "to": {
                    "startLine": 8,
                    "startColumn": 4,
                    "startOffset": 762,
                    "endColumn": 111,
                    "endOffset": 869
                },
                "from": {
                    "file": "/Users/14leec1/.android/build-cache/c5aeb9e01246e9f7fb64d0d5293ae6799d062d8d/output/res/values-ro/values-ro.xml",
                    "position": {
                        "startLine": 8,
                        "startColumn": 4,
                        "startOffset": 712,
                        "endColumn": 111,
                        "endOffset": 819
                    }
                }
            },
            {
                "to": {
                    "startLine": 9,
                    "startColumn": 4,
                    "startOffset": 874,
                    "endColumn": 120,
                    "endOffset": 990
                },
                "from": {
                    "file": "/Users/14leec1/.android/build-cache/c5aeb9e01246e9f7fb64d0d5293ae6799d062d8d/output/res/values-ro/values-ro.xml",
                    "position": {
                        "startLine": 9,
                        "startColumn": 4,
                        "startOffset": 824,
                        "endColumn": 120,
                        "endOffset": 940
                    }
                }
            },
            {
                "to": {
                    "startLine": 10,
                    "startColumn": 4,
                    "startOffset": 995,
                    "endColumn": 84,
                    "endOffset": 1075
                },
                "from": {
                    "file": "/Users/14leec1/.android/build-cache/c5aeb9e01246e9f7fb64d0d5293ae6799d062d8d/output/res/values-ro/values-ro.xml",
                    "position": {
                        "startLine": 10,
                        "startColumn": 4,
                        "startOffset": 945,
                        "endColumn": 84,
                        "endOffset": 1025
                    }
                }
            },
            {
                "to": {
                    "startLine": 11,
                    "startColumn": 4,
                    "startOffset": 1080,
                    "endColumn": 81,
                    "endOffset": 1157
                },
                "from": {
                    "file": "/Users/14leec1/.android/build-cache/c5aeb9e01246e9f7fb64d0d5293ae6799d062d8d/output/res/values-ro/values-ro.xml",
                    "position": {
                        "startLine": 11,
                        "startColumn": 4,
                        "startOffset": 1030,
                        "endColumn": 81,
                        "endOffset": 1107
                    }
                }
            },
            {
                "to": {
                    "startLine": 12,
                    "startColumn": 4,
                    "startOffset": 1162,
                    "endColumn": 82,
                    "endOffset": 1240
                },
                "from": {
                    "file": "/Users/14leec1/.android/build-cache/c5aeb9e01246e9f7fb64d0d5293ae6799d062d8d/output/res/values-ro/values-ro.xml",
                    "position": {
                        "startLine": 12,
                        "startColumn": 4,
                        "startOffset": 1112,
                        "endColumn": 82,
                        "endOffset": 1190
                    }
                }
            },
            {
                "to": {
                    "startLine": 13,
                    "startColumn": 4,
                    "startOffset": 1245,
                    "endColumn": 111,
                    "endOffset": 1352
                },
                "from": {
                    "file": "/Users/14leec1/.android/build-cache/c5aeb9e01246e9f7fb64d0d5293ae6799d062d8d/output/res/values-ro/values-ro.xml",
                    "position": {
                        "startLine": 13,
                        "startColumn": 4,
                        "startOffset": 1195,
                        "endColumn": 111,
                        "endOffset": 1302
                    }
                }
            },
            {
                "to": {
                    "startLine": 14,
                    "startColumn": 4,
                    "startOffset": 1357,
                    "endColumn": 112,
                    "endOffset": 1465
                },
                "from": {
                    "file": "/Users/14leec1/.android/build-cache/c5aeb9e01246e9f7fb64d0d5293ae6799d062d8d/output/res/values-ro/values-ro.xml",
                    "position": {
                        "startLine": 14,
                        "startColumn": 4,
                        "startOffset": 1307,
                        "endColumn": 112,
                        "endOffset": 1415
                    }
                }
            },
            {
                "to": {
                    "startLine": 15,
                    "startColumn": 4,
                    "startOffset": 1470,
                    "endColumn": 99,
                    "endOffset": 1565
                },
                "from": {
                    "file": "/Users/14leec1/.android/build-cache/c5aeb9e01246e9f7fb64d0d5293ae6799d062d8d/output/res/values-ro/values-ro.xml",
                    "position": {
                        "startLine": 15,
                        "startColumn": 4,
                        "startOffset": 1420,
                        "endColumn": 99,
                        "endOffset": 1515
                    }
                }
            },
            {
                "to": {
                    "startLine": 16,
                    "startColumn": 4,
                    "startOffset": 1570,
                    "endColumn": 113,
                    "endOffset": 1679
                },
                "from": {
                    "file": "/Users/14leec1/.android/build-cache/c5aeb9e01246e9f7fb64d0d5293ae6799d062d8d/output/res/values-ro/values-ro.xml",
                    "position": {
                        "startLine": 16,
                        "startColumn": 4,
                        "startOffset": 1520,
                        "endColumn": 113,
                        "endOffset": 1629
                    }
                }
            },
            {
                "to": {
                    "startLine": 17,
                    "startColumn": 4,
                    "startOffset": 1684,
                    "endColumn": 104,
                    "endOffset": 1784
                },
                "from": {
                    "file": "/Users/14leec1/.android/build-cache/c5aeb9e01246e9f7fb64d0d5293ae6799d062d8d/output/res/values-ro/values-ro.xml",
                    "position": {
                        "startLine": 17,
                        "startColumn": 4,
                        "startOffset": 1634,
                        "endColumn": 104,
                        "endOffset": 1734
                    }
                }
            },
            {
                "to": {
                    "startLine": 18,
                    "startColumn": 4,
                    "startOffset": 1789,
                    "endColumn": 105,
                    "endOffset": 1890
                },
                "from": {
                    "file": "/Users/14leec1/.android/build-cache/c5aeb9e01246e9f7fb64d0d5293ae6799d062d8d/output/res/values-ro/values-ro.xml",
                    "position": {
                        "startLine": 18,
                        "startColumn": 4,
                        "startOffset": 1739,
                        "endColumn": 105,
                        "endOffset": 1840
                    }
                }
            },
            {
                "to": {
                    "startLine": 19,
                    "startColumn": 4,
                    "startOffset": 1895,
                    "endColumn": 120,
                    "endOffset": 2011
                },
                "from": {
                    "file": "/Users/14leec1/.android/build-cache/c5aeb9e01246e9f7fb64d0d5293ae6799d062d8d/output/res/values-ro/values-ro.xml",
                    "position": {
                        "startLine": 19,
                        "startColumn": 4,
                        "startOffset": 1845,
                        "endColumn": 120,
                        "endOffset": 1961
                    }
                }
            },
            {
                "to": {
                    "startLine": 20,
                    "startColumn": 4,
                    "startOffset": 2016,
                    "endColumn": 102,
                    "endOffset": 2114
                },
                "from": {
                    "file": "/Users/14leec1/.android/build-cache/c5aeb9e01246e9f7fb64d0d5293ae6799d062d8d/output/res/values-ro/values-ro.xml",
                    "position": {
                        "startLine": 20,
                        "startColumn": 4,
                        "startOffset": 1966,
                        "endColumn": 102,
                        "endOffset": 2064
                    }
                }
            },
            {
                "to": {
                    "startLine": 21,
                    "startColumn": 4,
                    "startOffset": 2119,
                    "endColumn": 203,
                    "endOffset": 2318
                },
                "from": {
                    "file": "/Users/14leec1/.android/build-cache/ff4967dcef41267c999da54fcc7c7f9e60142282/output/res/values-ro/values.xml",
                    "position": {
                        "startLine": 4,
                        "startColumn": 0,
                        "startOffset": 285,
                        "endColumn": 203,
                        "endOffset": 488
                    }
                }
            },
            {
                "to": {
                    "startLine": 22,
                    "startColumn": 4,
                    "startOffset": 2323,
                    "endColumn": 82,
                    "endOffset": 2401
                },
                "from": {
                    "file": "/Users/14leec1/.android/build-cache/c5aeb9e01246e9f7fb64d0d5293ae6799d062d8d/output/res/values-ro/values-ro.xml",
                    "position": {
                        "startLine": 21,
                        "startColumn": 4,
                        "startOffset": 2069,
                        "endColumn": 82,
                        "endOffset": 2147
                    }
                }
            },
            {
                "to": {
                    "startLine": 23,
                    "startColumn": 4,
                    "startOffset": 2406,
                    "endColumn": 100,
                    "endOffset": 2502
                },
                "from": {
                    "file": "/Users/14leec1/.android/build-cache/c5aeb9e01246e9f7fb64d0d5293ae6799d062d8d/output/res/values-ro/values-ro.xml",
                    "position": {
                        "startLine": 22,
                        "startColumn": 4,
                        "startOffset": 2152,
                        "endColumn": 100,
                        "endOffset": 2248
                    }
                }
            }
        ]
    }
]