[
    {
        "outputFile": "/Users/14leec1/AndroidStudioProjects/AppUsageStats/app/build/intermediates/incremental/mergeDebugResources/merged.dir/values-v12/values-v12.xml",
        "map": [
            {
                "to": {
                    "startLine": 2,
                    "startColumn": 4,
                    "startOffset": 55,
                    "endLine": 4,
                    "endColumn": 12,
                    "endOffset": 274
                },
                "from": {
                    "file": "/Users/14leec1/.android/build-cache/c5aeb9e01246e9f7fb64d0d5293ae6799d062d8d/output/res/values-v12/values-v12.xml",
                    "position": {
                        "startLine": 2,
                        "startColumn": 4,
                        "startOffset": 55,
                        "endLine": 4,
                        "endColumn": 12,
                        "endOffset": 274
                    }
                }
            },
            {
                "to": {
                    "startLine": 5,
                    "startColumn": 4,
                    "startOffset": 279,
                    "endLine": 7,
                    "endColumn": 12,
                    "endOffset": 474
                },
                "from": {
                    "file": "/Users/14leec1/.android/build-cache/c5aeb9e01246e9f7fb64d0d5293ae6799d062d8d/output/res/values-v12/values-v12.xml",
                    "position": {
                        "startLine": 5,
                        "startColumn": 4,
                        "startOffset": 279,
                        "endLine": 7,
                        "endColumn": 12,
                        "endOffset": 474
                    }
                }
            },
            {
                "to": {
                    "startLine": 8,
                    "startColumn": 4,
                    "startOffset": 479,
                    "endColumn": 118,
                    "endOffset": 593
                },
                "from": {
                    "file": "/Users/14leec1/.android/build-cache/c5aeb9e01246e9f7fb64d0d5293ae6799d062d8d/output/res/values-v12/values-v12.xml",
                    "position": {
                        "startLine": 8,
                        "startColumn": 4,
                        "startOffset": 479,
                        "endColumn": 118,
                        "endOffset": 593
                    }
                }
            },
            {
                "to": {
                    "startLine": 9,
                    "startColumn": 4,
                    "startOffset": 598,
                    "endColumn": 94,
                    "endOffset": 688
                },
                "from": {
                    "file": "/Users/14leec1/.android/build-cache/c5aeb9e01246e9f7fb64d0d5293ae6799d062d8d/output/res/values-v12/values-v12.xml",
                    "position": {
                        "startLine": 9,
                        "startColumn": 4,
                        "startOffset": 598,
                        "endColumn": 94,
                        "endOffset": 688
                    }
                }
            }
        ]
    }
]