[
    {
        "outputFile": "/Users/14leec1/AndroidStudioProjects/AppUsageStats/app/build/intermediates/incremental/mergeDebugAndroidTestResources/merged.dir/values/values.xml",
        "map": [
            {
                "to": {
                    "startLine": 2,
                    "startColumn": 4,
                    "startOffset": 55,
                    "endColumn": 45,
                    "endOffset": 96
                },
                "from": {
                    "file": "/Users/14leec1/.android/build-cache/34517f75b1e94941ec68e91f021f550ff2de6c32/output/res/values/values.xml",
                    "position": {
                        "startLine": 4,
                        "startColumn": 4,
                        "startOffset": 229,
                        "endColumn": 45,
                        "endOffset": 270
                    }
                }
            }
        ]
    }
]