[
    {
        "merged": "/Users/14leec1/AndroidStudioProjects/AppUsageStats/app/build/intermediates/res/merged/debug/color/abc_secondary_text_material_dark.xml",
        "source": "/Users/14leec1/.android/build-cache/c5aeb9e01246e9f7fb64d0d5293ae6799d062d8d/output/res/color/abc_secondary_text_material_dark.xml"
    },
    {
        "merged": "/Users/14leec1/AndroidStudioProjects/AppUsageStats/app/build/intermediates/res/merged/debug/color/abc_secondary_text_material_light.xml",
        "source": "/Users/14leec1/.android/build-cache/c5aeb9e01246e9f7fb64d0d5293ae6799d062d8d/output/res/color/abc_secondary_text_material_light.xml"
    },
    {
        "merged": "/Users/14leec1/AndroidStudioProjects/AppUsageStats/app/build/intermediates/res/merged/debug/color/abc_tint_default.xml",
        "source": "/Users/14leec1/.android/build-cache/c5aeb9e01246e9f7fb64d0d5293ae6799d062d8d/output/res/color/abc_tint_default.xml"
    },
    {
        "merged": "/Users/14leec1/AndroidStudioProjects/AppUsageStats/app/build/intermediates/res/merged/debug/color/abc_btn_colored_text_material.xml",
        "source": "/Users/14leec1/.android/build-cache/c5aeb9e01246e9f7fb64d0d5293ae6799d062d8d/output/res/color/abc_btn_colored_text_material.xml"
    },
    {
        "merged": "/Users/14leec1/AndroidStudioProjects/AppUsageStats/app/build/intermediates/res/merged/debug/color/abc_tint_switch_thumb.xml",
        "source": "/Users/14leec1/.android/build-cache/c5aeb9e01246e9f7fb64d0d5293ae6799d062d8d/output/res/color/abc_tint_switch_thumb.xml"
    },
    {
        "merged": "/Users/14leec1/AndroidStudioProjects/AppUsageStats/app/build/intermediates/res/merged/debug/color/abc_primary_text_material_dark.xml",
        "source": "/Users/14leec1/.android/build-cache/c5aeb9e01246e9f7fb64d0d5293ae6799d062d8d/output/res/color/abc_primary_text_material_dark.xml"
    },
    {
        "merged": "/Users/14leec1/AndroidStudioProjects/AppUsageStats/app/build/intermediates/res/merged/debug/color/abc_primary_text_disable_only_material_dark.xml",
        "source": "/Users/14leec1/.android/build-cache/c5aeb9e01246e9f7fb64d0d5293ae6799d062d8d/output/res/color/abc_primary_text_disable_only_material_dark.xml"
    },
    {
        "merged": "/Users/14leec1/AndroidStudioProjects/AppUsageStats/app/build/intermediates/res/merged/debug/color/abc_hint_foreground_material_dark.xml",
        "source": "/Users/14leec1/.android/build-cache/c5aeb9e01246e9f7fb64d0d5293ae6799d062d8d/output/res/color/abc_hint_foreground_material_dark.xml"
    },
    {
        "merged": "/Users/14leec1/AndroidStudioProjects/AppUsageStats/app/build/intermediates/res/merged/debug/color/abc_btn_colored_borderless_text_material.xml",
        "source": "/Users/14leec1/.android/build-cache/c5aeb9e01246e9f7fb64d0d5293ae6799d062d8d/output/res/color/abc_btn_colored_borderless_text_material.xml"
    },
    {
        "merged": "/Users/14leec1/AndroidStudioProjects/AppUsageStats/app/build/intermediates/res/merged/debug/color/abc_primary_text_material_light.xml",
        "source": "/Users/14leec1/.android/build-cache/c5aeb9e01246e9f7fb64d0d5293ae6799d062d8d/output/res/color/abc_primary_text_material_light.xml"
    },
    {
        "merged": "/Users/14leec1/AndroidStudioProjects/AppUsageStats/app/build/intermediates/res/merged/debug/color/abc_hint_foreground_material_light.xml",
        "source": "/Users/14leec1/.android/build-cache/c5aeb9e01246e9f7fb64d0d5293ae6799d062d8d/output/res/color/abc_hint_foreground_material_light.xml"
    },
    {
        "merged": "/Users/14leec1/AndroidStudioProjects/AppUsageStats/app/build/intermediates/res/merged/debug/color/abc_tint_switch_track.xml",
        "source": "/Users/14leec1/.android/build-cache/c5aeb9e01246e9f7fb64d0d5293ae6799d062d8d/output/res/color/abc_tint_switch_track.xml"
    },
    {
        "merged": "/Users/14leec1/AndroidStudioProjects/AppUsageStats/app/build/intermediates/res/merged/debug/color/abc_tint_btn_checkable.xml",
        "source": "/Users/14leec1/.android/build-cache/c5aeb9e01246e9f7fb64d0d5293ae6799d062d8d/output/res/color/abc_tint_btn_checkable.xml"
    },
    {
        "merged": "/Users/14leec1/AndroidStudioProjects/AppUsageStats/app/build/intermediates/res/merged/debug/color/abc_tint_spinner.xml",
        "source": "/Users/14leec1/.android/build-cache/c5aeb9e01246e9f7fb64d0d5293ae6799d062d8d/output/res/color/abc_tint_spinner.xml"
    },
    {
        "merged": "/Users/14leec1/AndroidStudioProjects/AppUsageStats/app/build/intermediates/res/merged/debug/color/abc_search_url_text.xml",
        "source": "/Users/14leec1/.android/build-cache/c5aeb9e01246e9f7fb64d0d5293ae6799d062d8d/output/res/color/abc_search_url_text.xml"
    },
    {
        "merged": "/Users/14leec1/AndroidStudioProjects/AppUsageStats/app/build/intermediates/res/merged/debug/color/switch_thumb_material_dark.xml",
        "source": "/Users/14leec1/.android/build-cache/c5aeb9e01246e9f7fb64d0d5293ae6799d062d8d/output/res/color/switch_thumb_material_dark.xml"
    },
    {
        "merged": "/Users/14leec1/AndroidStudioProjects/AppUsageStats/app/build/intermediates/res/merged/debug/color/abc_tint_seek_thumb.xml",
        "source": "/Users/14leec1/.android/build-cache/c5aeb9e01246e9f7fb64d0d5293ae6799d062d8d/output/res/color/abc_tint_seek_thumb.xml"
    },
    {
        "merged": "/Users/14leec1/AndroidStudioProjects/AppUsageStats/app/build/intermediates/res/merged/debug/color/switch_thumb_material_light.xml",
        "source": "/Users/14leec1/.android/build-cache/c5aeb9e01246e9f7fb64d0d5293ae6799d062d8d/output/res/color/switch_thumb_material_light.xml"
    },
    {
        "merged": "/Users/14leec1/AndroidStudioProjects/AppUsageStats/app/build/intermediates/res/merged/debug/color/abc_tint_edittext.xml",
        "source": "/Users/14leec1/.android/build-cache/c5aeb9e01246e9f7fb64d0d5293ae6799d062d8d/output/res/color/abc_tint_edittext.xml"
    },
    {
        "merged": "/Users/14leec1/AndroidStudioProjects/AppUsageStats/app/build/intermediates/res/merged/debug/color/abc_primary_text_disable_only_material_light.xml",
        "source": "/Users/14leec1/.android/build-cache/c5aeb9e01246e9f7fb64d0d5293ae6799d062d8d/output/res/color/abc_primary_text_disable_only_material_light.xml"
    }
]