[
    {
        "merged": "/Users/14leec1/AndroidStudioProjects/AppUsageStats/app/build/intermediates/res/merged/debug/drawable-xhdpi-v4/notification_bg_normal.9.png",
        "source": "/Users/14leec1/.android/build-cache/c5aeb9e01246e9f7fb64d0d5293ae6799d062d8d/output/res/drawable-xhdpi-v4/notification_bg_normal.9.png"
    },
    {
        "merged": "/Users/14leec1/AndroidStudioProjects/AppUsageStats/app/build/intermediates/res/merged/debug/drawable-xhdpi-v4/abc_btn_switch_to_on_mtrl_00012.9.png",
        "source": "/Users/14leec1/.android/build-cache/c5aeb9e01246e9f7fb64d0d5293ae6799d062d8d/output/res/drawable-xhdpi-v4/abc_btn_switch_to_on_mtrl_00012.9.png"
    },
    {
        "merged": "/Users/14leec1/AndroidStudioProjects/AppUsageStats/app/build/intermediates/res/merged/debug/drawable-xhdpi-v4/abc_text_select_handle_left_mtrl_light.png",
        "source": "/Users/14leec1/.android/build-cache/c5aeb9e01246e9f7fb64d0d5293ae6799d062d8d/output/res/drawable-xhdpi-v4/abc_text_select_handle_left_mtrl_light.png"
    },
    {
        "merged": "/Users/14leec1/AndroidStudioProjects/AppUsageStats/app/build/intermediates/res/merged/debug/drawable-xhdpi-v4/abc_list_pressed_holo_dark.9.png",
        "source": "/Users/14leec1/.android/build-cache/c5aeb9e01246e9f7fb64d0d5293ae6799d062d8d/output/res/drawable-xhdpi-v4/abc_list_pressed_holo_dark.9.png"
    },
    {
        "merged": "/Users/14leec1/AndroidStudioProjects/AppUsageStats/app/build/intermediates/res/merged/debug/drawable-xhdpi-v4/notify_panel_notification_icon_bg.png",
        "source": "/Users/14leec1/.android/build-cache/c5aeb9e01246e9f7fb64d0d5293ae6799d062d8d/output/res/drawable-xhdpi-v4/notify_panel_notification_icon_bg.png"
    },
    {
        "merged": "/Users/14leec1/AndroidStudioProjects/AppUsageStats/app/build/intermediates/res/merged/debug/drawable-xhdpi-v4/abc_text_select_handle_middle_mtrl_dark.png",
        "source": "/Users/14leec1/.android/build-cache/c5aeb9e01246e9f7fb64d0d5293ae6799d062d8d/output/res/drawable-xhdpi-v4/abc_text_select_handle_middle_mtrl_dark.png"
    },
    {
        "merged": "/Users/14leec1/AndroidStudioProjects/AppUsageStats/app/build/intermediates/res/merged/debug/drawable-xhdpi-v4/abc_scrubber_control_off_mtrl_alpha.png",
        "source": "/Users/14leec1/.android/build-cache/c5aeb9e01246e9f7fb64d0d5293ae6799d062d8d/output/res/drawable-xhdpi-v4/abc_scrubber_control_off_mtrl_alpha.png"
    },
    {
        "merged": "/Users/14leec1/AndroidStudioProjects/AppUsageStats/app/build/intermediates/res/merged/debug/drawable-xhdpi-v4/abc_list_longpressed_holo.9.png",
        "source": "/Users/14leec1/.android/build-cache/c5aeb9e01246e9f7fb64d0d5293ae6799d062d8d/output/res/drawable-xhdpi-v4/abc_list_longpressed_holo.9.png"
    },
    {
        "merged": "/Users/14leec1/AndroidStudioProjects/AppUsageStats/app/build/intermediates/res/merged/debug/drawable-xhdpi-v4/abc_textfield_activated_mtrl_alpha.9.png",
        "source": "/Users/14leec1/.android/build-cache/c5aeb9e01246e9f7fb64d0d5293ae6799d062d8d/output/res/drawable-xhdpi-v4/abc_textfield_activated_mtrl_alpha.9.png"
    },
    {
        "merged": "/Users/14leec1/AndroidStudioProjects/AppUsageStats/app/build/intermediates/res/merged/debug/drawable-xhdpi-v4/abc_btn_check_to_on_mtrl_000.png",
        "source": "/Users/14leec1/.android/build-cache/c5aeb9e01246e9f7fb64d0d5293ae6799d062d8d/output/res/drawable-xhdpi-v4/abc_btn_check_to_on_mtrl_000.png"
    },
    {
        "merged": "/Users/14leec1/AndroidStudioProjects/AppUsageStats/app/build/intermediates/res/merged/debug/drawable-xhdpi-v4/abc_scrubber_control_to_pressed_mtrl_005.png",
        "source": "/Users/14leec1/.android/build-cache/c5aeb9e01246e9f7fb64d0d5293ae6799d062d8d/output/res/drawable-xhdpi-v4/abc_scrubber_control_to_pressed_mtrl_005.png"
    },
    {
        "merged": "/Users/14leec1/AndroidStudioProjects/AppUsageStats/app/build/intermediates/res/merged/debug/drawable-xhdpi-v4/abc_ic_star_black_48dp.png",
        "source": "/Users/14leec1/.android/build-cache/c5aeb9e01246e9f7fb64d0d5293ae6799d062d8d/output/res/drawable-xhdpi-v4/abc_ic_star_black_48dp.png"
    },
    {
        "merged": "/Users/14leec1/AndroidStudioProjects/AppUsageStats/app/build/intermediates/res/merged/debug/drawable-xhdpi-v4/abc_scrubber_primary_mtrl_alpha.9.png",
        "source": "/Users/14leec1/.android/build-cache/c5aeb9e01246e9f7fb64d0d5293ae6799d062d8d/output/res/drawable-xhdpi-v4/abc_scrubber_primary_mtrl_alpha.9.png"
    },
    {
        "merged": "/Users/14leec1/AndroidStudioProjects/AppUsageStats/app/build/intermediates/res/merged/debug/drawable-xhdpi-v4/abc_spinner_mtrl_am_alpha.9.png",
        "source": "/Users/14leec1/.android/build-cache/c5aeb9e01246e9f7fb64d0d5293ae6799d062d8d/output/res/drawable-xhdpi-v4/abc_spinner_mtrl_am_alpha.9.png"
    },
    {
        "merged": "/Users/14leec1/AndroidStudioProjects/AppUsageStats/app/build/intermediates/res/merged/debug/drawable-xhdpi-v4/abc_tab_indicator_mtrl_alpha.9.png",
        "source": "/Users/14leec1/.android/build-cache/c5aeb9e01246e9f7fb64d0d5293ae6799d062d8d/output/res/drawable-xhdpi-v4/abc_tab_indicator_mtrl_alpha.9.png"
    },
    {
        "merged": "/Users/14leec1/AndroidStudioProjects/AppUsageStats/app/build/intermediates/res/merged/debug/drawable-xhdpi-v4/abc_ic_star_half_black_36dp.png",
        "source": "/Users/14leec1/.android/build-cache/c5aeb9e01246e9f7fb64d0d5293ae6799d062d8d/output/res/drawable-xhdpi-v4/abc_ic_star_half_black_36dp.png"
    },
    {
        "merged": "/Users/14leec1/AndroidStudioProjects/AppUsageStats/app/build/intermediates/res/merged/debug/drawable-xhdpi-v4/abc_ic_star_half_black_16dp.png",
        "source": "/Users/14leec1/.android/build-cache/c5aeb9e01246e9f7fb64d0d5293ae6799d062d8d/output/res/drawable-xhdpi-v4/abc_ic_star_half_black_16dp.png"
    },
    {
        "merged": "/Users/14leec1/AndroidStudioProjects/AppUsageStats/app/build/intermediates/res/merged/debug/drawable-xhdpi-v4/abc_list_selector_disabled_holo_light.9.png",
        "source": "/Users/14leec1/.android/build-cache/c5aeb9e01246e9f7fb64d0d5293ae6799d062d8d/output/res/drawable-xhdpi-v4/abc_list_selector_disabled_holo_light.9.png"
    },
    {
        "merged": "/Users/14leec1/AndroidStudioProjects/AppUsageStats/app/build/intermediates/res/merged/debug/drawable-xhdpi-v4/abc_text_select_handle_middle_mtrl_light.png",
        "source": "/Users/14leec1/.android/build-cache/c5aeb9e01246e9f7fb64d0d5293ae6799d062d8d/output/res/drawable-xhdpi-v4/abc_text_select_handle_middle_mtrl_light.png"
    },
    {
        "merged": "/Users/14leec1/AndroidStudioProjects/AppUsageStats/app/build/intermediates/res/merged/debug/drawable-xhdpi-v4/abc_ic_star_black_16dp.png",
        "source": "/Users/14leec1/.android/build-cache/c5aeb9e01246e9f7fb64d0d5293ae6799d062d8d/output/res/drawable-xhdpi-v4/abc_ic_star_black_16dp.png"
    },
    {
        "merged": "/Users/14leec1/AndroidStudioProjects/AppUsageStats/app/build/intermediates/res/merged/debug/drawable-xhdpi-v4/notification_bg_normal_pressed.9.png",
        "source": "/Users/14leec1/.android/build-cache/c5aeb9e01246e9f7fb64d0d5293ae6799d062d8d/output/res/drawable-xhdpi-v4/notification_bg_normal_pressed.9.png"
    },
    {
        "merged": "/Users/14leec1/AndroidStudioProjects/AppUsageStats/app/build/intermediates/res/merged/debug/drawable-xhdpi-v4/abc_scrubber_track_mtrl_alpha.9.png",
        "source": "/Users/14leec1/.android/build-cache/c5aeb9e01246e9f7fb64d0d5293ae6799d062d8d/output/res/drawable-xhdpi-v4/abc_scrubber_track_mtrl_alpha.9.png"
    },
    {
        "merged": "/Users/14leec1/AndroidStudioProjects/AppUsageStats/app/build/intermediates/res/merged/debug/drawable-xhdpi-v4/abc_scrubber_control_to_pressed_mtrl_000.png",
        "source": "/Users/14leec1/.android/build-cache/c5aeb9e01246e9f7fb64d0d5293ae6799d062d8d/output/res/drawable-xhdpi-v4/abc_scrubber_control_to_pressed_mtrl_000.png"
    },
    {
        "merged": "/Users/14leec1/AndroidStudioProjects/AppUsageStats/app/build/intermediates/res/merged/debug/drawable-xhdpi-v4/abc_text_select_handle_right_mtrl_light.png",
        "source": "/Users/14leec1/.android/build-cache/c5aeb9e01246e9f7fb64d0d5293ae6799d062d8d/output/res/drawable-xhdpi-v4/abc_text_select_handle_right_mtrl_light.png"
    },
    {
        "merged": "/Users/14leec1/AndroidStudioProjects/AppUsageStats/app/build/intermediates/res/merged/debug/drawable-xhdpi-v4/abc_list_pressed_holo_light.9.png",
        "source": "/Users/14leec1/.android/build-cache/c5aeb9e01246e9f7fb64d0d5293ae6799d062d8d/output/res/drawable-xhdpi-v4/abc_list_pressed_holo_light.9.png"
    },
    {
        "merged": "/Users/14leec1/AndroidStudioProjects/AppUsageStats/app/build/intermediates/res/merged/debug/drawable-xhdpi-v4/abc_textfield_search_default_mtrl_alpha.9.png",
        "source": "/Users/14leec1/.android/build-cache/c5aeb9e01246e9f7fb64d0d5293ae6799d062d8d/output/res/drawable-xhdpi-v4/abc_textfield_search_default_mtrl_alpha.9.png"
    },
    {
        "merged": "/Users/14leec1/AndroidStudioProjects/AppUsageStats/app/build/intermediates/res/merged/debug/drawable-xhdpi-v4/abc_list_selector_disabled_holo_dark.9.png",
        "source": "/Users/14leec1/.android/build-cache/c5aeb9e01246e9f7fb64d0d5293ae6799d062d8d/output/res/drawable-xhdpi-v4/abc_list_selector_disabled_holo_dark.9.png"
    },
    {
        "merged": "/Users/14leec1/AndroidStudioProjects/AppUsageStats/app/build/intermediates/res/merged/debug/drawable-xhdpi-v4/abc_btn_radio_to_on_mtrl_000.png",
        "source": "/Users/14leec1/.android/build-cache/c5aeb9e01246e9f7fb64d0d5293ae6799d062d8d/output/res/drawable-xhdpi-v4/abc_btn_radio_to_on_mtrl_000.png"
    },
    {
        "merged": "/Users/14leec1/AndroidStudioProjects/AppUsageStats/app/build/intermediates/res/merged/debug/drawable-xhdpi-v4/notification_bg_low_pressed.9.png",
        "source": "/Users/14leec1/.android/build-cache/c5aeb9e01246e9f7fb64d0d5293ae6799d062d8d/output/res/drawable-xhdpi-v4/notification_bg_low_pressed.9.png"
    },
    {
        "merged": "/Users/14leec1/AndroidStudioProjects/AppUsageStats/app/build/intermediates/res/merged/debug/drawable-xhdpi-v4/abc_btn_switch_to_on_mtrl_00001.9.png",
        "source": "/Users/14leec1/.android/build-cache/c5aeb9e01246e9f7fb64d0d5293ae6799d062d8d/output/res/drawable-xhdpi-v4/abc_btn_switch_to_on_mtrl_00001.9.png"
    },
    {
        "merged": "/Users/14leec1/AndroidStudioProjects/AppUsageStats/app/build/intermediates/res/merged/debug/drawable-xhdpi-v4/abc_ic_menu_copy_mtrl_am_alpha.png",
        "source": "/Users/14leec1/.android/build-cache/c5aeb9e01246e9f7fb64d0d5293ae6799d062d8d/output/res/drawable-xhdpi-v4/abc_ic_menu_copy_mtrl_am_alpha.png"
    },
    {
        "merged": "/Users/14leec1/AndroidStudioProjects/AppUsageStats/app/build/intermediates/res/merged/debug/drawable-xhdpi-v4/abc_popup_background_mtrl_mult.9.png",
        "source": "/Users/14leec1/.android/build-cache/c5aeb9e01246e9f7fb64d0d5293ae6799d062d8d/output/res/drawable-xhdpi-v4/abc_popup_background_mtrl_mult.9.png"
    },
    {
        "merged": "/Users/14leec1/AndroidStudioProjects/AppUsageStats/app/build/intermediates/res/merged/debug/drawable-xhdpi-v4/abc_ic_menu_paste_mtrl_am_alpha.png",
        "source": "/Users/14leec1/.android/build-cache/c5aeb9e01246e9f7fb64d0d5293ae6799d062d8d/output/res/drawable-xhdpi-v4/abc_ic_menu_paste_mtrl_am_alpha.png"
    },
    {
        "merged": "/Users/14leec1/AndroidStudioProjects/AppUsageStats/app/build/intermediates/res/merged/debug/drawable-xhdpi-v4/abc_ic_commit_search_api_mtrl_alpha.png",
        "source": "/Users/14leec1/.android/build-cache/c5aeb9e01246e9f7fb64d0d5293ae6799d062d8d/output/res/drawable-xhdpi-v4/abc_ic_commit_search_api_mtrl_alpha.png"
    },
    {
        "merged": "/Users/14leec1/AndroidStudioProjects/AppUsageStats/app/build/intermediates/res/merged/debug/drawable-xhdpi-v4/abc_switch_track_mtrl_alpha.9.png",
        "source": "/Users/14leec1/.android/build-cache/c5aeb9e01246e9f7fb64d0d5293ae6799d062d8d/output/res/drawable-xhdpi-v4/abc_switch_track_mtrl_alpha.9.png"
    },
    {
        "merged": "/Users/14leec1/AndroidStudioProjects/AppUsageStats/app/build/intermediates/res/merged/debug/drawable-xhdpi-v4/abc_ic_star_black_36dp.png",
        "source": "/Users/14leec1/.android/build-cache/c5aeb9e01246e9f7fb64d0d5293ae6799d062d8d/output/res/drawable-xhdpi-v4/abc_ic_star_black_36dp.png"
    },
    {
        "merged": "/Users/14leec1/AndroidStudioProjects/AppUsageStats/app/build/intermediates/res/merged/debug/drawable-xhdpi-v4/abc_btn_check_to_on_mtrl_015.png",
        "source": "/Users/14leec1/.android/build-cache/c5aeb9e01246e9f7fb64d0d5293ae6799d062d8d/output/res/drawable-xhdpi-v4/abc_btn_check_to_on_mtrl_015.png"
    },
    {
        "merged": "/Users/14leec1/AndroidStudioProjects/AppUsageStats/app/build/intermediates/res/merged/debug/drawable-xhdpi-v4/abc_textfield_default_mtrl_alpha.9.png",
        "source": "/Users/14leec1/.android/build-cache/c5aeb9e01246e9f7fb64d0d5293ae6799d062d8d/output/res/drawable-xhdpi-v4/abc_textfield_default_mtrl_alpha.9.png"
    },
    {
        "merged": "/Users/14leec1/AndroidStudioProjects/AppUsageStats/app/build/intermediates/res/merged/debug/drawable-xhdpi-v4/abc_text_select_handle_left_mtrl_dark.png",
        "source": "/Users/14leec1/.android/build-cache/c5aeb9e01246e9f7fb64d0d5293ae6799d062d8d/output/res/drawable-xhdpi-v4/abc_text_select_handle_left_mtrl_dark.png"
    },
    {
        "merged": "/Users/14leec1/AndroidStudioProjects/AppUsageStats/app/build/intermediates/res/merged/debug/drawable-xhdpi-v4/abc_ic_menu_share_mtrl_alpha.png",
        "source": "/Users/14leec1/.android/build-cache/c5aeb9e01246e9f7fb64d0d5293ae6799d062d8d/output/res/drawable-xhdpi-v4/abc_ic_menu_share_mtrl_alpha.png"
    },
    {
        "merged": "/Users/14leec1/AndroidStudioProjects/AppUsageStats/app/build/intermediates/res/merged/debug/drawable-xhdpi-v4/abc_ab_share_pack_mtrl_alpha.9.png",
        "source": "/Users/14leec1/.android/build-cache/c5aeb9e01246e9f7fb64d0d5293ae6799d062d8d/output/res/drawable-xhdpi-v4/abc_ab_share_pack_mtrl_alpha.9.png"
    },
    {
        "merged": "/Users/14leec1/AndroidStudioProjects/AppUsageStats/app/build/intermediates/res/merged/debug/drawable-xhdpi-v4/abc_text_select_handle_right_mtrl_dark.png",
        "source": "/Users/14leec1/.android/build-cache/c5aeb9e01246e9f7fb64d0d5293ae6799d062d8d/output/res/drawable-xhdpi-v4/abc_text_select_handle_right_mtrl_dark.png"
    },
    {
        "merged": "/Users/14leec1/AndroidStudioProjects/AppUsageStats/app/build/intermediates/res/merged/debug/drawable-xhdpi-v4/abc_list_focused_holo.9.png",
        "source": "/Users/14leec1/.android/build-cache/c5aeb9e01246e9f7fb64d0d5293ae6799d062d8d/output/res/drawable-xhdpi-v4/abc_list_focused_holo.9.png"
    },
    {
        "merged": "/Users/14leec1/AndroidStudioProjects/AppUsageStats/app/build/intermediates/res/merged/debug/drawable-xhdpi-v4/abc_menu_hardkey_panel_mtrl_mult.9.png",
        "source": "/Users/14leec1/.android/build-cache/c5aeb9e01246e9f7fb64d0d5293ae6799d062d8d/output/res/drawable-xhdpi-v4/abc_menu_hardkey_panel_mtrl_mult.9.png"
    },
    {
        "merged": "/Users/14leec1/AndroidStudioProjects/AppUsageStats/app/build/intermediates/res/merged/debug/drawable-xhdpi-v4/abc_textfield_search_activated_mtrl_alpha.9.png",
        "source": "/Users/14leec1/.android/build-cache/c5aeb9e01246e9f7fb64d0d5293ae6799d062d8d/output/res/drawable-xhdpi-v4/abc_textfield_search_activated_mtrl_alpha.9.png"
    },
    {
        "merged": "/Users/14leec1/AndroidStudioProjects/AppUsageStats/app/build/intermediates/res/merged/debug/drawable-xhdpi-v4/abc_cab_background_top_mtrl_alpha.9.png",
        "source": "/Users/14leec1/.android/build-cache/c5aeb9e01246e9f7fb64d0d5293ae6799d062d8d/output/res/drawable-xhdpi-v4/abc_cab_background_top_mtrl_alpha.9.png"
    },
    {
        "merged": "/Users/14leec1/AndroidStudioProjects/AppUsageStats/app/build/intermediates/res/merged/debug/drawable-xhdpi-v4/notification_bg_low_normal.9.png",
        "source": "/Users/14leec1/.android/build-cache/c5aeb9e01246e9f7fb64d0d5293ae6799d062d8d/output/res/drawable-xhdpi-v4/notification_bg_low_normal.9.png"
    },
    {
        "merged": "/Users/14leec1/AndroidStudioProjects/AppUsageStats/app/build/intermediates/res/merged/debug/drawable-xhdpi-v4/abc_list_divider_mtrl_alpha.9.png",
        "source": "/Users/14leec1/.android/build-cache/c5aeb9e01246e9f7fb64d0d5293ae6799d062d8d/output/res/drawable-xhdpi-v4/abc_list_divider_mtrl_alpha.9.png"
    },
    {
        "merged": "/Users/14leec1/AndroidStudioProjects/AppUsageStats/app/build/intermediates/res/merged/debug/drawable-xhdpi-v4/abc_ic_star_half_black_48dp.png",
        "source": "/Users/14leec1/.android/build-cache/c5aeb9e01246e9f7fb64d0d5293ae6799d062d8d/output/res/drawable-xhdpi-v4/abc_ic_star_half_black_48dp.png"
    },
    {
        "merged": "/Users/14leec1/AndroidStudioProjects/AppUsageStats/app/build/intermediates/res/merged/debug/drawable-xhdpi-v4/abc_btn_radio_to_on_mtrl_015.png",
        "source": "/Users/14leec1/.android/build-cache/c5aeb9e01246e9f7fb64d0d5293ae6799d062d8d/output/res/drawable-xhdpi-v4/abc_btn_radio_to_on_mtrl_015.png"
    },
    {
        "merged": "/Users/14leec1/AndroidStudioProjects/AppUsageStats/app/build/intermediates/res/merged/debug/drawable-xhdpi-v4/abc_ic_menu_cut_mtrl_alpha.png",
        "source": "/Users/14leec1/.android/build-cache/c5aeb9e01246e9f7fb64d0d5293ae6799d062d8d/output/res/drawable-xhdpi-v4/abc_ic_menu_cut_mtrl_alpha.png"
    },
    {
        "merged": "/Users/14leec1/AndroidStudioProjects/AppUsageStats/app/build/intermediates/res/merged/debug/drawable-xhdpi-v4/abc_ic_menu_selectall_mtrl_alpha.png",
        "source": "/Users/14leec1/.android/build-cache/c5aeb9e01246e9f7fb64d0d5293ae6799d062d8d/output/res/drawable-xhdpi-v4/abc_ic_menu_selectall_mtrl_alpha.png"
    }
]