[
    {
        "merged": "/Users/14leec1/AndroidStudioProjects/AppUsageStats/app/build/intermediates/res/merged/debug/layout-v11/notification_media_action.xml",
        "source": "/Users/14leec1/.android/build-cache/c5aeb9e01246e9f7fb64d0d5293ae6799d062d8d/output/res/layout-v11/notification_media_action.xml"
    },
    {
        "merged": "/Users/14leec1/AndroidStudioProjects/AppUsageStats/app/build/intermediates/res/merged/debug/layout-v11/notification_template_big_media.xml",
        "source": "/Users/14leec1/.android/build-cache/c5aeb9e01246e9f7fb64d0d5293ae6799d062d8d/output/res/layout-v11/notification_template_big_media.xml"
    },
    {
        "merged": "/Users/14leec1/AndroidStudioProjects/AppUsageStats/app/build/intermediates/res/merged/debug/layout-v11/notification_template_big_media_narrow_custom.xml",
        "source": "/Users/14leec1/.android/build-cache/c5aeb9e01246e9f7fb64d0d5293ae6799d062d8d/output/res/layout-v11/notification_template_big_media_narrow_custom.xml"
    },
    {
        "merged": "/Users/14leec1/AndroidStudioProjects/AppUsageStats/app/build/intermediates/res/merged/debug/layout-v11/notification_template_big_media_custom.xml",
        "source": "/Users/14leec1/.android/build-cache/c5aeb9e01246e9f7fb64d0d5293ae6799d062d8d/output/res/layout-v11/notification_template_big_media_custom.xml"
    },
    {
        "merged": "/Users/14leec1/AndroidStudioProjects/AppUsageStats/app/build/intermediates/res/merged/debug/layout-v11/notification_media_cancel_action.xml",
        "source": "/Users/14leec1/.android/build-cache/c5aeb9e01246e9f7fb64d0d5293ae6799d062d8d/output/res/layout-v11/notification_media_cancel_action.xml"
    },
    {
        "merged": "/Users/14leec1/AndroidStudioProjects/AppUsageStats/app/build/intermediates/res/merged/debug/layout-v11/notification_template_big_media_narrow.xml",
        "source": "/Users/14leec1/.android/build-cache/c5aeb9e01246e9f7fb64d0d5293ae6799d062d8d/output/res/layout-v11/notification_template_big_media_narrow.xml"
    }
]